phone,restaurant,rating
Android,Dirty Birds,4
Android,Dirty Birds,4
Android,Dirty Birds,4
Android,Dirty Birds,4
Android,Dirty Birds,4
Android,Dirty Birds,4
Android,Dirty Birds,4
Android,Dirty Birds,4
Android,Dirty Birds,4
Android,Dirty Birds,4
Android,Dirty Birds,4
Android,Dirty Birds,4
Android,Dirty Birds,4
Android,Dirty Birds,4
Android,Dirty Birds,4
Android,Dirty Birds,4
Android,Dirty Birds,4
Android,Dirty Birds,4
Android,Dirty Birds,4
Android,Dirty Birds,4
Android,Dirty Birds,4
Android,Dirty Birds,4
Android,Dirty Birds,4
Android,Dirty Birds,4
Android,Dirty Birds,4
Android,Dirty Birds,4
Android,Dirty Birds,4
Android,Dirty Birds,4
Android,Dirty Birds,4
Android,Dirty Birds,4
Android,Dirty Birds,4
Android,Dirty Birds,4
Android,Dirty Birds,4
Android,Dirty Birds,4
Android,Dirty Birds,4
Android,Dirty Birds,4
Android,Dirty Birds,4
Android,Dirty Birds,4
Android,Dirty Birds,4
Android,Dirty Birds,4
Android,Dirty Birds,4
Android,Dirty Birds,4
Android,Dirty Birds,4
Android,Dirty Birds,4
Android,Dirty Birds,4
Android,Dirty Birds,4
Android,Dirty Birds,4
Android,Dirty Birds,4
Android,Dirty Birds,4
Android,Dirty Birds,4
Android,Dirty Birds,4
Android,Dirty Birds,4
Android,Dirty Birds,4
Android,Dirty Birds,4
Android,Dirty Birds,4
Android,Dirty Birds,4
Android,Dirty Birds,4
Android,Dirty Birds,4
Android,Dirty Birds,4
Android,Dirty Birds,4
Android,Dirty Birds,4
Android,Dirty Birds,4
Android,Dirty Birds,4
Android,Dirty Birds,4
Android,Dirty Birds,4
Android,Dirty Birds,4
Android,Dirty Birds,4
Android,Dirty Birds,4
Android,Dirty Birds,4
Android,Dirty Birds,4
Android,Dirty Birds,4
Android,Dirty Birds,4
Android,Dirty Birds,4
Android,Dirty Birds,4
Android,Dirty Birds,4
Android,Dirty Birds,4
Android,Dirty Birds,4
Android,Dirty Birds,4
Android,Dirty Birds,4
Android,Dirty Birds,4
Android,Dirty Birds,4
Android,Dirty Birds,4
Android,Dirty Birds,4
Android,Dirty Birds,4
Android,Dirty Birds,4
Android,Dirty Birds,4
Android,Dirty Birds,4
Android,Dirty Birds,4
Android,Dirty Birds,4
Android,Dirty Birds,4
Android,Dirty Birds,4
Android,Dirty Birds,4
Android,Dirty Birds,4
Android,Dirty Birds,4
Android,Dirty Birds,4
Android,Dirty Birds,4
Android,Dirty Birds,4
Android,Dirty Birds,4
Android,Dirty Birds,4
Android,Dirty Birds,4
Android,Dirty Birds,4
Android,Dirty Birds,4
Android,Dirty Birds,4
Android,Dirty Birds,4
Android,Dirty Birds,4
Android,Dirty Birds,4
Android,Dirty Birds,4
Android,Dirty Birds,4
Android,Dirty Birds,4
Android,Dirty Birds,4
Android,Dirty Birds,4
Android,Dirty Birds,4
Android,Dirty Birds,4
Android,Dirty Birds,4
Android,Dirty Birds,4
Android,Dirty Birds,4
Android,Dirty Birds,4
Android,Dirty Birds,4
Android,Dirty Birds,4
Android,Dirty Birds,4
Android,Dirty Birds,4
Android,Dirty Birds,4
Android,Dirty Birds,4
Android,Dirty Birds,4
Android,Dirty Birds,4
Android,Dirty Birds,4
Android,Dirty Birds,4
Android,Dirty Birds,4
Android,Dirty Birds,4
Android,Dirty Birds,4
Android,Dirty Birds,4
Android,Dirty Birds,4
Android,Dirty Birds,4
Android,Dirty Birds,4
Android,Dirty Birds,4
Android,Dirty Birds,4
Android,Dirty Birds,4
Android,Dirty Birds,4
Android,Dirty Birds,4
Android,Dirty Birds,4
Android,Dirty Birds,4
Android,Dirty Birds,4
Android,Dirty Birds,4
Android,Dirty Birds,4
Android,Dirty Birds,4
Android,Dirty Birds,4
Android,Dirty Birds,4
Android,Dirty Birds,4
Android,Dirty Birds,4
Android,Dirty Birds,4
Android,Dirty Birds,4
Android,Dirty Birds,4
Android,Dirty Birds,4
Android,Dirty Birds,4
Android,Dirty Birds,4
Android,Dirty Birds,4
Android,Dirty Birds,4
Android,Dirty Birds,4
Android,Dirty Birds,4
Android,Dirty Birds,4
Android,Dirty Birds,4
Android,Dirty Birds,4
Android,Dirty Birds,4
Android,Dirty Birds,4
Android,Dirty Birds,4
Android,Dirty Birds,4
Android,Dirty Birds,4
Android,Dirty Birds,4
Android,Dirty Birds,4
Android,Dirty Birds,4
Android,Dirty Birds,4
Android,Dirty Birds,4
Android,Dirty Birds,4
Android,Dirty Birds,4
Android,Dirty Birds,4
Android,Dirty Birds,4
Android,Dirty Birds,4
Android,Dirty Birds,4
Android,Dirty Birds,4
Android,Dirty Birds,4
Android,Dirty Birds,4
Android,Dirty Birds,4
Android,Dirty Birds,4
Android,Dirty Birds,4
Android,Dirty Birds,4
Android,Dirty Birds,4
Android,Dirty Birds,4
Android,Dirty Birds,4
Android,Dirty Birds,4
Android,Dirty Birds,4
Android,Dirty Birds,4
Android,Dirty Birds,4
Android,Dirty Birds,4
Android,Dirty Birds,4
Android,Dirty Birds,4
Android,Dirty Birds,4
Android,Dirty Birds,4
Android,Dirty Birds,4
Android,Dirty Birds,4
Android,Dirty Birds,4
Android,Dirty Birds,4
Android,Dirty Birds,4
Android,Dirty Birds,4
Android,Dirty Birds,4
Android,Dirty Birds,4
Android,Dirty Birds,4
Android,Dirty Birds,4
Android,Dirty Birds,4
Android,Dirty Birds,4
Android,Dirty Birds,4
Android,Dirty Birds,4
Android,Dirty Birds,4
Android,Dirty Birds,4
Android,Dirty Birds,4
Android,Dirty Birds,4
Android,Dirty Birds,4
Android,Dirty Birds,4
Android,Dirty Birds,4
Android,Dirty Birds,4
Android,Dirty Birds,4
Android,Dirty Birds,4
Android,Dirty Birds,4
Android,Dirty Birds,4
Android,Dirty Birds,4
Android,Dirty Birds,4
Android,Dirty Birds,4
Android,Dirty Birds,4
Android,Dirty Birds,4
Android,Dirty Birds,4
Android,Dirty Birds,4
Android,Dirty Birds,4
Android,Dirty Birds,4
Android,Dirty Birds,4
Android,Dirty Birds,4
Android,Dirty Birds,4
Android,Dirty Birds,4
Android,Dirty Birds,4
Android,Dirty Birds,4
Android,Dirty Birds,4
Android,Dirty Birds,4
Android,Dirty Birds,4
Android,Dirty Birds,4
Android,Dirty Birds,4
Android,Dirty Birds,4
Android,Dirty Birds,4
Android,Dirty Birds,4
Android,Dirty Birds,4
Android,Dirty Birds,4
Android,Dirty Birds,4
Android,Dirty Birds,4
Android,Dirty Birds,4
Android,Dirty Birds,4
Android,Dirty Birds,4
Android,Dirty Birds,4
Android,Dirty Birds,4
Android,Dirty Birds,4
Android,Dirty Birds,4
Android,Dirty Birds,4
Android,Dirty Birds,4
Android,Dirty Birds,4
Android,Dirty Birds,4
Android,Dirty Birds,4
Android,Dirty Birds,4
Android,Dirty Birds,4
Android,Dirty Birds,4
Android,Dirty Birds,4
Android,Dirty Birds,4
Android,Dirty Birds,4
Android,Dirty Birds,4
Android,Dirty Birds,4
Android,Dirty Birds,4
Android,Dirty Birds,4
Android,Dirty Birds,4
Android,Dirty Birds,4
Android,Dirty Birds,4
Android,Dirty Birds,4
Android,Dirty Birds,4
Android,Dirty Birds,4
Android,Dirty Birds,4
Android,Dirty Birds,4
Android,Dirty Birds,4
Android,Dirty Birds,4
Android,Dirty Birds,4
Android,Dirty Birds,4
Android,Dirty Birds,4
Android,Dirty Birds,4
Android,Dirty Birds,4
Android,Dirty Birds,4
Android,Dirty Birds,4
Android,Dirty Birds,4
Android,Dirty Birds,4
Android,Dirty Birds,4
Android,Dirty Birds,4
Android,Dirty Birds,4
Android,Dirty Birds,4
Android,Dirty Birds,4
Android,Dirty Birds,4
Android,Dirty Birds,4
Android,Dirty Birds,4
Android,Dirty Birds,4
Android,Dirty Birds,4
Android,Dirty Birds,4
Android,Dirty Birds,4
Android,Dirty Birds,4
Android,Dirty Birds,4
Android,Dirty Birds,4
Android,Dirty Birds,4
Android,Dirty Birds,4
Android,Dirty Birds,4
Android,Dirty Birds,4
Android,Dirty Birds,4
Android,Dirty Birds,4
Android,Dirty Birds,4
Android,Dirty Birds,4
Android,Dirty Birds,4
Android,Dirty Birds,4
Android,Dirty Birds,4
Android,Dirty Birds,4
Android,Dirty Birds,4
Android,Dirty Birds,4
Android,Dirty Birds,4
Android,Dirty Birds,4
Android,Dirty Birds,4
Android,Dirty Birds,4
Android,Dirty Birds,4
Android,Dirty Birds,4
Android,Dirty Birds,4
Android,Dirty Birds,4
Android,Dirty Birds,4
Android,Dirty Birds,4
Android,Dirty Birds,4
Android,Dirty Birds,4
Android,Dirty Birds,4
Android,Dirty Birds,4
Android,Dirty Birds,4
Android,Dirty Birds,4
Android,Dirty Birds,4
Android,Dirty Birds,4
Android,Dirty Birds,4
Android,Dirty Birds,4
Android,Dirty Birds,4
Android,Dirty Birds,4
Android,Dirty Birds,4
Android,Dirty Birds,4
Android,Dirty Birds,4
Android,Dirty Birds,4
Android,Dirty Birds,4
Android,Dirty Birds,4
Android,Dirty Birds,4
Android,Dirty Birds,4
Android,Dirty Birds,4
Android,Dirty Birds,4
Android,Dirty Birds,4
Android,Dirty Birds,4
Android,Dirty Birds,4
Android,Dirty Birds,4
Android,Dirty Birds,4
Android,Dirty Birds,4
Android,Dirty Birds,4
Android,Dirty Birds,4
Android,Dirty Birds,4
Android,Dirty Birds,4
Android,Dirty Birds,4
Android,Dirty Birds,4
Android,Dirty Birds,4
Android,Dirty Birds,4
Android,Dirty Birds,4
Android,Dirty Birds,4
Android,Dirty Birds,4
Android,Dirty Birds,4
Android,Dirty Birds,4
Android,Dirty Birds,4
Android,Dirty Birds,4
Android,Dirty Birds,4
Android,Dirty Birds,4
Android,Dirty Birds,4
Android,Dirty Birds,4
Android,Dirty Birds,4
Android,Dirty Birds,4
Android,Dirty Birds,4
Android,Dirty Birds,4
Android,Dirty Birds,4
Android,Dirty Birds,4
Android,Dirty Birds,4
Android,Dirty Birds,4
Android,Dirty Birds,4
Android,Dirty Birds,4
Android,Dirty Birds,4
Android,Dirty Birds,4
Android,Dirty Birds,4
Android,Dirty Birds,4
Android,Dirty Birds,4
Android,Dirty Birds,4
Android,Dirty Birds,4
Android,Dirty Birds,4
Android,Dirty Birds,4
Android,Dirty Birds,4
Android,Dirty Birds,4
Android,Dirty Birds,4
Android,Dirty Birds,4
Android,Dirty Birds,4
Android,Dirty Birds,4
Android,Dirty Birds,4
Android,Dirty Birds,4
Android,Dirty Birds,4
Android,Dirty Birds,4
Android,Dirty Birds,4
Android,Dirty Birds,4
Android,Dirty Birds,4
Android,Dirty Birds,4
Android,Dirty Birds,4
Android,Dirty Birds,4
Android,Dirty Birds,4
Android,Dirty Birds,4
Android,Dirty Birds,4
Android,Dirty Birds,4
Android,Dirty Birds,4
Android,Dirty Birds,4
Android,Dirty Birds,4
Android,Dirty Birds,4
Android,Dirty Birds,4
Android,Dirty Birds,4
Android,Dirty Birds,4
Android,Dirty Birds,4
Android,Dirty Birds,4
Android,Dirty Birds,4
Android,Dirty Birds,4
Android,Dirty Birds,4
Android,Dirty Birds,4
Android,Dirty Birds,4
Android,Dirty Birds,4
Android,Dirty Birds,4
Android,Dirty Birds,4
Android,Dirty Birds,4
Android,Dirty Birds,4
Android,Dirty Birds,4
Android,Dirty Birds,4
Android,Dirty Birds,4
Android,Dirty Birds,4
Android,Dirty Birds,4
Android,Dirty Birds,4
Android,Dirty Birds,4
Android,Dirty Birds,4
Android,Dirty Birds,4
Android,Dirty Birds,4
Android,Dirty Birds,4
Android,Dirty Birds,4
Android,Dirty Birds,4
Android,Dirty Birds,4
Android,Dirty Birds,4
Android,Dirty Birds,4
Android,Dirty Birds,4
Android,Dirty Birds,4
Android,Dirty Birds,4
Android,Dirty Birds,4
Android,Dirty Birds,4
Android,Dirty Birds,4
Android,Dirty Birds,4
Android,Dirty Birds,4
Android,Dirty Birds,4
Android,Dirty Birds,4
Android,Dirty Birds,4
Android,Dirty Birds,4
Android,Dirty Birds,4
Android,Dirty Birds,4
Android,Dirty Birds,4
Android,Dirty Birds,4
Android,Dirty Birds,4
Android,Dirty Birds,4
Android,Dirty Birds,4
Android,Dirty Birds,4
Android,Dirty Birds,4
Android,Dirty Birds,4
Android,Dirty Birds,4
Android,Dirty Birds,4
Android,Dirty Birds,4
Android,Dirty Birds,4
Android,Dirty Birds,4
Android,Dirty Birds,4
Android,Dirty Birds,4
Android,Dirty Birds,4
Android,Dirty Birds,4
Android,Dirty Birds,4
Android,Dirty Birds,4
Android,Dirty Birds,4
Android,Dirty Birds,4
Android,Dirty Birds,4
Android,Dirty Birds,4
Android,Dirty Birds,4
Android,Dirty Birds,4
Android,Dirty Birds,4
Android,Dirty Birds,4
Android,Dirty Birds,4
Android,Dirty Birds,4
Android,Dirty Birds,4
Android,Dirty Birds,4
Android,Dirty Birds,4
Android,Dirty Birds,4
Android,Dirty Birds,4
Android,Dirty Birds,4
Android,Dirty Birds,4
Android,Dirty Birds,4
Android,Dirty Birds,4
Android,Dirty Birds,4
Android,Dirty Birds,4
Android,Dirty Birds,4
Android,Dirty Birds,4
Android,Dirty Birds,4
Android,Dirty Birds,4
Android,Dirty Birds,4
Android,Dirty Birds,4
Android,Dirty Birds,4
Android,Dirty Birds,4
Android,Dirty Birds,4
Android,Dirty Birds,4
Android,Dirty Birds,4
Android,Dirty Birds,4
Android,Dirty Birds,4
Android,Dirty Birds,4
Android,Dirty Birds,4
Android,Dirty Birds,4
Android,Dirty Birds,4
Android,Dirty Birds,4
Android,Dirty Birds,4
Android,Dirty Birds,4
Android,Dirty Birds,4
Android,Dirty Birds,4
Android,Dirty Birds,4
Android,Dirty Birds,4
Android,Dirty Birds,4
Android,Dirty Birds,4
Android,Dirty Birds,4
Android,Dirty Birds,4
Android,Dirty Birds,4
Android,Dirty Birds,4
Android,Dirty Birds,4
Android,Dirty Birds,4
Android,Dirty Birds,4
Android,Dirty Birds,4
Android,Dirty Birds,4
Android,Dirty Birds,4
Android,Dirty Birds,4
Android,Dirty Birds,4
Android,Dirty Birds,4
Android,Dirty Birds,4
Android,Dirty Birds,4
Android,Dirty Birds,4
Android,Dirty Birds,4
Android,Dirty Birds,4
Android,Dirty Birds,4
Android,Dirty Birds,4
Android,Dirty Birds,4
Android,Dirty Birds,4
Android,Dirty Birds,4
Android,Dirty Birds,4
Android,Dirty Birds,4
Android,Dirty Birds,4
Android,Dirty Birds,4
Android,Dirty Birds,4
Android,Dirty Birds,4
Android,Dirty Birds,4
Android,Dirty Birds,4
Android,Dirty Birds,4
Android,Dirty Birds,4
Android,Dirty Birds,4
Android,Dirty Birds,4
Android,Dirty Birds,4
Android,Dirty Birds,4
Android,Dirty Birds,4
Android,Dirty Birds,4
Android,Dirty Birds,4
Android,Dirty Birds,4
Android,Dirty Birds,4
Android,Dirty Birds,4
Android,Dirty Birds,4
Android,Dirty Birds,4
Android,Dirty Birds,4
Android,Dirty Birds,4
Android,Dirty Birds,4
Android,Dirty Birds,4
Android,Dirty Birds,4
Android,Dirty Birds,4
Android,Dirty Birds,4
Android,Dirty Birds,4
Android,Dirty Birds,4
Android,Dirty Birds,4
Android,Dirty Birds,4
Android,Dirty Birds,4
Android,Dirty Birds,4
Android,Dirty Birds,4
Android,Dirty Birds,4
Android,Dirty Birds,4
Android,Dirty Birds,4
Android,Dirty Birds,4
Android,Dirty Birds,4
Android,Dirty Birds,4
Android,Dirty Birds,4
Android,Dirty Birds,4
Android,Dirty Birds,4
Android,Dirty Birds,4
Android,Dirty Birds,5
Android,Dirty Birds,5
Android,Dirty Birds,5
Android,Dirty Birds,5
Android,Dirty Birds,5
Android,Dirty Birds,5
Android,Dirty Birds,5
Android,Dirty Birds,5
Android,Dirty Birds,5
Android,Dirty Birds,5
Android,Dirty Birds,5
Android,Dirty Birds,5
Android,Dirty Birds,5
Android,Dirty Birds,5
Android,Dirty Birds,5
Android,Dirty Birds,5
Android,Dirty Birds,5
Android,Dirty Birds,5
Android,Dirty Birds,5
Android,Dirty Birds,5
Android,Dirty Birds,5
Android,Dirty Birds,5
Android,Dirty Birds,5
Android,Dirty Birds,5
Android,Dirty Birds,5
Android,Dirty Birds,5
Android,Dirty Birds,5
Android,Dirty Birds,5
Android,Dirty Birds,5
Android,Dirty Birds,5
Android,Dirty Birds,5
Android,Dirty Birds,5
Android,Dirty Birds,5
Android,Dirty Birds,5
Android,Dirty Birds,5
Android,Dirty Birds,5
Android,Dirty Birds,5
Android,Dirty Birds,5
Android,Dirty Birds,5
Android,Dirty Birds,5
Android,Dirty Birds,5
Android,Dirty Birds,5
Android,Dirty Birds,5
Android,Dirty Birds,5
Android,Dirty Birds,5
Android,Dirty Birds,5
Android,Dirty Birds,5
Android,Dirty Birds,5
Android,Dirty Birds,5
Android,Dirty Birds,5
Android,Dirty Birds,5
Android,Dirty Birds,5
Android,Dirty Birds,5
Android,Dirty Birds,5
Android,Dirty Birds,5
Android,Dirty Birds,5
Android,Dirty Birds,5
Android,Dirty Birds,5
Android,Dirty Birds,5
Android,Dirty Birds,5
Android,Dirty Birds,5
Android,Dirty Birds,5
Android,Dirty Birds,5
Android,Dirty Birds,5
Android,Dirty Birds,5
Android,Dirty Birds,5
Android,Dirty Birds,5
Android,Dirty Birds,5
Android,Dirty Birds,5
Android,Dirty Birds,5
Android,Dirty Birds,5
Android,Dirty Birds,5
Android,Dirty Birds,5
Android,Dirty Birds,5
Android,Dirty Birds,5
Android,Dirty Birds,5
Android,Dirty Birds,5
Android,Dirty Birds,5
Android,Dirty Birds,5
Android,Dirty Birds,5
Android,Dirty Birds,5
Android,Dirty Birds,5
Android,Dirty Birds,5
Android,Dirty Birds,5
Android,Dirty Birds,5
Android,Dirty Birds,5
Android,Dirty Birds,5
Android,Dirty Birds,5
Android,Dirty Birds,5
Android,Dirty Birds,5
Android,Dirty Birds,5
Android,Dirty Birds,5
Android,Dirty Birds,5
Android,Dirty Birds,5
Android,Dirty Birds,5
Android,Dirty Birds,5
Android,Dirty Birds,5
Android,Dirty Birds,5
Android,Dirty Birds,5
Android,Dirty Birds,5
Android,Dirty Birds,5
Android,Dirty Birds,5
Android,Dirty Birds,5
Android,Dirty Birds,5
Android,Dirty Birds,5
Android,Dirty Birds,5
Android,Dirty Birds,5
Android,Dirty Birds,5
Android,Dirty Birds,5
Android,Dirty Birds,5
Android,Dirty Birds,5
Android,Dirty Birds,5
Android,Dirty Birds,5
Android,Dirty Birds,5
Android,Dirty Birds,5
Android,Dirty Birds,5
Android,Dirty Birds,5
Android,Dirty Birds,5
Android,Dirty Birds,5
Android,Dirty Birds,5
Android,Dirty Birds,5
Android,Dirty Birds,5
Android,Dirty Birds,5
Android,Dirty Birds,5
Android,Dirty Birds,5
Android,Dirty Birds,5
Android,Dirty Birds,5
Android,Dirty Birds,5
Android,Dirty Birds,5
Android,Dirty Birds,5
Android,Dirty Birds,5
Android,Dirty Birds,5
Android,Dirty Birds,5
Android,Dirty Birds,5
Android,Dirty Birds,5
Android,Dirty Birds,5
Android,Dirty Birds,5
Android,Dirty Birds,5
Android,Dirty Birds,5
Android,Dirty Birds,5
Android,Dirty Birds,5
Android,Dirty Birds,5
Android,Dirty Birds,5
Android,Dirty Birds,5
Android,Dirty Birds,5
Android,Dirty Birds,5
Android,Dirty Birds,5
Android,Dirty Birds,5
Android,Dirty Birds,5
Android,Dirty Birds,5
Android,Dirty Birds,5
Android,Dirty Birds,5
Android,Dirty Birds,5
Android,Dirty Birds,5
Android,Dirty Birds,5
Android,Dirty Birds,5
Android,Dirty Birds,5
Android,Dirty Birds,5
Android,Dirty Birds,5
Android,Dirty Birds,5
Android,Dirty Birds,5
Android,Dirty Birds,5
Android,Dirty Birds,5
Android,Dirty Birds,5
Android,Dirty Birds,5
Android,Dirty Birds,5
Android,Dirty Birds,5
Android,Dirty Birds,5
Android,Dirty Birds,5
Android,Dirty Birds,5
Android,Dirty Birds,5
Android,Dirty Birds,5
Android,Dirty Birds,5
Android,Dirty Birds,5
Android,Dirty Birds,5
Android,Dirty Birds,5
Android,Dirty Birds,5
Android,Dirty Birds,5
Android,Dirty Birds,5
Android,Dirty Birds,5
Android,Dirty Birds,5
Android,Dirty Birds,5
Android,Dirty Birds,5
Android,Dirty Birds,5
Android,Dirty Birds,5
Android,The Loft,4
Android,The Loft,4
Android,The Loft,4
Android,The Loft,4
Android,The Loft,4
Android,The Loft,4
Android,The Loft,4
Android,The Loft,4
Android,The Loft,4
Android,The Loft,4
Android,The Loft,4
Android,The Loft,4
Android,The Loft,4
Android,The Loft,4
Android,The Loft,4
Android,The Loft,4
Android,The Loft,4
Android,The Loft,4
Android,The Loft,4
Android,The Loft,4
Android,The Loft,4
Android,The Loft,4
Android,The Loft,4
Android,The Loft,4
Android,The Loft,4
Android,The Loft,4
Android,The Loft,4
Android,The Loft,4
Android,The Loft,4
Android,The Loft,4
Android,The Loft,4
Android,The Loft,4
Android,The Loft,4
Android,The Loft,4
Android,The Loft,4
Android,The Loft,4
Android,The Loft,4
Android,The Loft,4
Android,The Loft,4
Android,The Loft,4
Android,The Loft,4
Android,The Loft,4
Android,The Loft,4
Android,The Loft,4
Android,The Loft,4
Android,The Loft,4
Android,The Loft,4
Android,The Loft,4
Android,The Loft,4
Android,The Loft,4
Android,The Loft,4
Android,The Loft,4
Android,The Loft,4
Android,The Loft,4
Android,The Loft,4
Android,The Loft,4
Android,The Loft,4
Android,The Loft,4
Android,The Loft,4
Android,The Loft,4
Android,The Loft,4
Android,The Loft,4
Android,The Loft,4
Android,The Loft,4
Android,The Loft,4
Android,The Loft,4
Android,The Loft,4
Android,The Loft,4
Android,The Loft,4
Android,The Loft,4
Android,The Loft,4
Android,The Loft,4
Android,The Loft,4
Android,The Loft,4
Android,The Loft,4
Android,The Loft,4
Android,The Loft,4
Android,The Loft,4
Android,The Loft,4
Android,The Loft,4
Android,The Loft,4
Android,The Loft,4
Android,The Loft,4
Android,The Loft,4
Android,The Loft,4
Android,The Loft,4
Android,The Loft,4
Android,The Loft,4
Android,The Loft,4
Android,The Loft,4
Android,The Loft,4
Android,The Loft,4
Android,The Loft,4
Android,The Loft,4
Android,The Loft,4
Android,The Loft,4
Android,The Loft,4
Android,The Loft,4
Android,The Loft,4
Android,The Loft,4
Android,The Loft,4
Android,The Loft,4
Android,The Loft,4
Android,The Loft,4
Android,The Loft,4
Android,The Loft,4
Android,The Loft,4
Android,The Loft,4
Android,The Loft,4
Android,The Loft,4
Android,The Loft,4
Android,The Loft,4
Android,The Loft,4
Android,The Loft,4
Android,The Loft,4
Android,The Loft,4
Android,The Loft,4
Android,The Loft,4
Android,The Loft,4
Android,The Loft,4
Android,The Loft,4
Android,The Loft,4
Android,The Loft,4
Android,The Loft,4
Android,The Loft,4
Android,The Loft,4
Android,The Loft,4
Android,The Loft,4
Android,The Loft,4
Android,The Loft,4
Android,The Loft,4
Android,The Loft,4
Android,The Loft,4
Android,The Loft,4
Android,The Loft,4
Android,The Loft,4
Android,The Loft,4
Android,The Loft,4
Android,The Loft,4
Android,The Loft,4
Android,The Loft,4
Android,The Loft,4
Android,The Loft,4
Android,The Loft,4
Android,The Loft,4
Android,The Loft,4
Android,The Loft,4
Android,The Loft,4
Android,The Loft,4
Android,The Loft,4
Android,The Loft,4
Android,The Loft,4
Android,The Loft,4
Android,The Loft,4
Android,The Loft,4
Android,The Loft,4
Android,The Loft,4
Android,The Loft,4
Android,The Loft,4
Android,The Loft,4
Android,The Loft,4
Android,The Loft,4
Android,The Loft,4
Android,The Loft,4
Android,The Loft,4
Android,The Loft,4
Android,The Loft,4
Android,The Loft,4
Android,The Loft,4
Android,The Loft,4
Android,The Loft,4
Android,The Loft,4
Android,The Loft,4
Android,The Loft,4
Android,The Loft,4
Android,The Loft,4
Android,The Loft,4
Android,The Loft,4
Android,The Loft,4
Android,The Loft,4
Android,The Loft,4
Android,The Loft,4
Android,The Loft,4
Android,The Loft,4
Android,The Loft,4
Android,The Loft,4
Android,The Loft,4
Android,The Loft,4
Android,The Loft,4
Android,The Loft,4
Android,The Loft,4
Android,The Loft,4
Android,The Loft,4
Android,The Loft,4
Android,The Loft,4
Android,The Loft,4
Android,The Loft,4
Android,The Loft,4
Android,The Loft,4
Android,The Loft,4
Android,The Loft,4
Android,The Loft,4
Android,The Loft,4
Android,The Loft,4
Android,The Loft,4
Android,The Loft,4
Android,The Loft,4
Android,The Loft,4
Android,The Loft,4
Android,The Loft,4
Android,The Loft,4
Android,The Loft,4
Android,The Loft,4
Android,The Loft,4
Android,The Loft,4
Android,The Loft,4
Android,The Loft,4
Android,The Loft,4
Android,The Loft,4
Android,The Loft,4
Android,The Loft,4
Android,The Loft,4
Android,The Loft,4
Android,The Loft,4
Android,The Loft,4
Android,The Loft,4
Android,The Loft,4
Android,The Loft,4
Android,The Loft,4
Android,The Loft,4
Android,The Loft,4
Android,The Loft,4
Android,The Loft,4
Android,The Loft,4
Android,The Loft,4
Android,The Loft,4
Android,The Loft,4
Android,The Loft,4
Android,The Loft,4
Android,The Loft,4
Android,The Loft,4
Android,The Loft,4
Android,The Loft,4
Android,The Loft,4
Android,The Loft,4
Android,The Loft,4
Android,The Loft,4
Android,The Loft,4
Android,The Loft,4
Android,The Loft,4
Android,The Loft,4
Android,The Loft,4
Android,The Loft,4
Android,The Loft,4
Android,The Loft,4
Android,The Loft,4
Android,The Loft,4
Android,The Loft,4
Android,The Loft,4
Android,The Loft,4
Android,The Loft,4
Android,The Loft,4
Android,The Loft,4
Android,The Loft,4
Android,The Loft,4
Android,The Loft,4
Android,The Loft,4
Android,The Loft,4
Android,The Loft,4
Android,The Loft,4
Android,The Loft,4
Android,The Loft,4
Android,The Loft,4
Android,The Loft,4
Android,The Loft,4
Android,The Loft,4
Android,The Loft,4
Android,The Loft,4
Android,The Loft,4
Android,The Loft,4
Android,The Loft,4
Android,The Loft,4
Android,The Loft,4
Android,The Loft,4
Android,The Loft,4
Android,The Loft,4
Android,The Loft,4
Android,The Loft,4
Android,The Loft,4
Android,The Loft,4
Android,The Loft,4
Android,The Loft,4
Android,The Loft,4
Android,The Loft,4
Android,The Loft,4
Android,The Loft,4
Android,The Loft,4
Android,The Loft,4
Android,The Loft,4
Android,The Loft,4
Android,The Loft,4
Android,The Loft,4
Android,The Loft,4
Android,The Loft,4
Android,The Loft,4
Android,The Loft,4
Android,The Loft,4
Android,The Loft,4
Android,The Loft,4
Android,The Loft,4
Android,The Loft,4
Android,The Loft,4
Android,The Loft,4
Android,The Loft,4
Android,The Loft,4
Android,The Loft,4
Android,The Loft,4
Android,The Loft,4
Android,The Loft,4
Android,The Loft,4
Android,The Loft,4
Android,The Loft,4
Android,The Loft,4
Android,The Loft,4
Android,The Loft,4
Android,The Loft,4
Android,The Loft,4
Android,The Loft,4
Android,The Loft,4
Android,The Loft,4
Android,The Loft,4
Android,The Loft,4
Android,The Loft,4
Android,The Loft,4
Android,The Loft,4
Android,The Loft,4
Android,The Loft,4
Android,The Loft,4
Android,The Loft,4
Android,The Loft,4
Android,The Loft,4
Android,The Loft,4
Android,The Loft,4
Android,The Loft,4
Android,The Loft,4
Android,The Loft,4
Android,The Loft,4
Android,The Loft,4
Android,The Loft,4
Android,The Loft,4
Android,The Loft,4
Android,The Loft,4
Android,The Loft,4
Android,The Loft,4
Android,The Loft,4
Android,The Loft,4
Android,The Loft,4
Android,The Loft,4
Android,The Loft,4
Android,The Loft,4
Android,The Loft,4
Android,The Loft,4
Android,The Loft,4
Android,The Loft,4
Android,The Loft,4
Android,The Loft,4
Android,The Loft,4
Android,The Loft,4
Android,The Loft,4
Android,The Loft,4
Android,The Loft,4
Android,The Loft,4
Android,The Loft,4
Android,The Loft,4
Android,The Loft,4
Android,The Loft,4
Android,The Loft,4
Android,The Loft,4
Android,The Loft,4
Android,The Loft,4
Android,The Loft,4
Android,The Loft,4
Android,The Loft,4
Android,The Loft,4
Android,The Loft,4
Android,The Loft,4
Android,The Loft,4
Android,The Loft,4
Android,The Loft,4
Android,The Loft,4
Android,The Loft,4
Android,The Loft,4
Android,The Loft,4
Android,The Loft,4
Android,The Loft,4
Android,The Loft,4
Android,The Loft,4
Android,The Loft,4
Android,The Loft,4
Android,The Loft,4
Android,The Loft,4
Android,The Loft,4
Android,The Loft,4
Android,The Loft,4
Android,The Loft,4
Android,The Loft,4
Android,The Loft,4
Android,The Loft,4
Android,The Loft,4
Android,The Loft,4
Android,The Loft,4
Android,The Loft,4
Android,The Loft,4
Android,The Loft,4
Android,The Loft,4
Android,The Loft,4
Android,The Loft,4
Android,The Loft,4
Android,The Loft,4
Android,The Loft,4
Android,The Loft,4
Android,The Loft,4
Android,The Loft,4
Android,The Loft,4
Android,The Loft,4
Android,The Loft,4
Android,The Loft,4
Android,The Loft,4
Android,The Loft,4
Android,The Loft,4
Android,The Loft,4
Android,The Loft,4
Android,The Loft,4
Android,The Loft,4
Android,The Loft,4
Android,The Loft,4
Android,The Loft,4
Android,The Loft,4
Android,The Loft,4
Android,The Loft,4
Android,The Loft,4
Android,The Loft,4
Android,The Loft,4
Android,The Loft,4
Android,The Loft,4
Android,The Loft,4
Android,The Loft,4
Android,The Loft,4
Android,The Loft,4
Android,The Loft,4
Android,The Loft,4
Android,The Loft,4
Android,The Loft,4
Android,The Loft,4
Android,The Loft,4
Android,The Loft,4
Android,The Loft,4
Android,The Loft,4
Android,The Loft,4
Android,The Loft,4
Android,The Loft,4
Android,The Loft,4
Android,The Loft,4
Android,The Loft,4
Android,The Loft,4
Android,The Loft,4
Android,The Loft,4
Android,The Loft,4
Android,The Loft,4
Android,The Loft,4
Android,The Loft,4
Android,The Loft,4
Android,The Loft,4
Android,The Loft,4
Android,The Loft,4
Android,The Loft,4
Android,The Loft,4
Android,The Loft,4
Android,The Loft,4
Android,The Loft,4
Android,The Loft,4
Android,The Loft,4
Android,The Loft,4
Android,The Loft,4
Android,The Loft,4
Android,The Loft,4
Android,The Loft,4
Android,The Loft,4
Android,The Loft,4
Android,The Loft,4
Android,The Loft,4
Android,The Loft,4
Android,The Loft,4
Android,The Loft,4
Android,The Loft,4
Android,The Loft,4
Android,The Loft,4
Android,The Loft,4
Android,The Loft,4
Android,The Loft,4
Android,The Loft,4
Android,The Loft,4
Android,The Loft,4
Android,The Loft,4
Android,The Loft,4
Android,The Loft,4
Android,The Loft,4
Android,The Loft,4
Android,The Loft,4
Android,The Loft,4
Android,The Loft,4
Android,The Loft,4
Android,The Loft,4
Android,The Loft,4
Android,The Loft,4
Android,The Loft,4
Android,The Loft,4
Android,The Loft,4
Android,The Loft,4
Android,The Loft,4
Android,The Loft,4
Android,The Loft,4
Android,The Loft,4
Android,The Loft,4
Android,The Loft,4
Android,The Loft,4
Android,The Loft,4
Android,The Loft,4
Android,The Loft,4
Android,The Loft,4
Android,The Loft,4
Android,The Loft,4
Android,The Loft,4
Android,The Loft,4
Android,The Loft,4
Android,The Loft,4
Android,The Loft,4
Android,The Loft,4
Android,The Loft,4
Android,The Loft,4
Android,The Loft,4
Android,The Loft,4
Android,The Loft,4
Android,The Loft,4
Android,The Loft,4
Android,The Loft,4
Android,The Loft,4
Android,The Loft,4
Android,The Loft,4
Android,The Loft,4
Android,The Loft,4
Android,The Loft,4
Android,The Loft,4
Android,The Loft,4
Android,The Loft,4
Android,The Loft,4
Android,The Loft,4
Android,The Loft,4
Android,The Loft,4
Android,The Loft,4
Android,The Loft,4
Android,The Loft,4
Android,The Loft,4
Android,The Loft,4
Android,The Loft,4
Android,The Loft,4
Android,The Loft,4
Android,The Loft,4
Android,The Loft,4
Android,The Loft,4
Android,The Loft,4
Android,The Loft,4
Android,The Loft,4
Android,The Loft,4
Android,The Loft,4
Android,The Loft,4
Android,The Loft,4
Android,The Loft,4
Android,The Loft,4
Android,The Loft,4
Android,The Loft,4
Android,The Loft,4
Android,The Loft,4
Android,The Loft,4
Android,The Loft,4
Android,The Loft,4
Android,The Loft,4
Android,The Loft,4
Android,The Loft,4
Android,The Loft,4
Android,The Loft,4
Android,The Loft,4
Android,The Loft,4
Android,The Loft,4
Android,The Loft,4
Android,The Loft,4
Android,The Loft,4
Android,The Loft,4
Android,The Loft,4
Android,The Loft,4
Android,The Loft,4
Android,The Loft,4
Android,The Loft,4
Android,The Loft,4
Android,The Loft,4
Android,The Loft,4
Android,The Loft,4
Android,The Loft,4
Android,The Loft,4
Android,The Loft,4
Android,The Loft,4
Android,The Loft,4
Android,The Loft,4
Android,The Loft,4
Android,The Loft,4
Android,The Loft,4
Android,The Loft,4
Android,The Loft,4
Android,The Loft,4
Android,The Loft,4
Android,The Loft,4
Android,The Loft,4
Android,The Loft,4
Android,The Loft,4
Android,The Loft,4
Android,The Loft,4
Android,The Loft,4
Android,The Loft,4
Android,The Loft,4
Android,The Loft,4
Android,The Loft,4
Android,The Loft,4
Android,The Loft,4
Android,The Loft,4
Android,The Loft,4
Android,The Loft,4
Android,The Loft,4
Android,The Loft,4
Android,The Loft,4
Android,The Loft,4
Android,The Loft,4
Android,The Loft,4
Android,The Loft,4
Android,The Loft,4
Android,The Loft,4
Android,The Loft,4
Android,The Loft,4
Android,The Loft,4
Android,The Loft,4
Android,The Loft,4
Android,The Loft,4
Android,The Loft,4
Android,The Loft,4
Android,The Loft,4
Android,The Loft,4
Android,The Loft,4
Android,The Loft,4
Android,The Loft,4
Android,The Loft,4
Android,The Loft,4
Android,The Loft,4
Android,The Loft,4
Android,The Loft,4
Android,The Loft,4
Android,The Loft,4
Android,The Loft,4
Android,The Loft,4
Android,The Loft,4
Android,The Loft,4
Android,The Loft,4
Android,The Loft,4
Android,The Loft,4
Android,The Loft,4
Android,The Loft,4
Android,The Loft,4
Android,The Loft,4
Android,The Loft,4
Android,The Loft,4
Android,The Loft,4
Android,The Loft,4
Android,The Loft,4
Android,The Loft,4
Android,The Loft,4
Android,The Loft,4
Android,The Loft,4
Android,The Loft,4
Android,The Loft,4
Android,The Loft,4
Android,The Loft,4
Android,The Loft,4
Android,The Loft,4
Android,The Loft,4
Android,The Loft,4
Android,The Loft,4
Android,The Loft,4
Android,The Loft,4
Android,The Loft,4
Android,The Loft,4
Android,The Loft,4
Android,The Loft,4
Android,The Loft,4
Android,The Loft,4
Android,The Loft,4
Android,The Loft,4
Android,The Loft,4
Android,The Loft,4
Android,The Loft,4
Android,The Loft,4
Android,The Loft,4
Android,The Loft,4
Android,The Loft,4
Android,The Loft,4
Android,The Loft,4
Android,The Loft,4
Android,The Loft,4
Android,The Loft,4
Android,The Loft,4
Android,The Loft,4
Android,The Loft,4
Android,The Loft,4
Android,The Loft,4
Android,The Loft,4
Android,The Loft,4
Android,The Loft,4
Android,The Loft,4
Android,The Loft,4
Android,The Loft,4
Android,The Loft,4
Android,The Loft,4
Android,The Loft,4
Android,The Loft,4
Android,The Loft,4
Android,The Loft,4
Android,The Loft,4
Android,The Loft,4
Android,The Loft,4
Android,The Loft,4
Android,The Loft,4
Android,The Loft,4
Android,The Loft,4
Android,The Loft,4
Android,The Loft,4
Android,The Loft,4
Android,The Loft,4
Android,The Loft,4
Android,The Loft,4
Android,The Loft,4
Android,The Loft,4
Android,The Loft,4
Android,The Loft,4
Android,The Loft,4
Android,The Loft,4
Android,The Loft,4
Android,The Loft,4
Android,The Loft,4
Android,The Loft,4
Android,The Loft,4
Android,The Loft,4
Android,The Loft,4
Android,The Loft,4
Android,The Loft,4
Android,The Loft,4
Android,The Loft,4
Android,The Loft,4
Android,The Loft,4
Android,The Loft,4
Android,The Loft,4
Android,The Loft,4
Android,The Loft,4
Android,The Loft,4
Android,The Loft,4
Android,The Loft,4
Android,The Loft,4
Android,The Loft,4
Android,The Loft,4
Android,The Loft,4
Android,The Loft,4
Android,The Loft,4
Android,The Loft,4
Android,The Loft,4
Android,The Loft,4
Android,The Loft,4
Android,The Loft,4
Android,The Loft,4
Android,The Loft,4
Android,The Loft,4
Android,The Loft,4
Android,The Loft,4
Android,The Loft,4
Android,The Loft,4
Android,The Loft,4
Android,The Loft,4
Android,The Loft,4
Android,The Loft,4
Android,The Loft,4
Android,The Loft,4
Android,The Loft,4
Android,The Loft,4
Android,The Loft,4
Android,The Loft,4
Android,The Loft,4
Android,The Loft,4
Android,The Loft,4
Android,The Loft,4
Android,The Loft,4
Android,The Loft,4
Android,The Loft,4
Android,The Loft,4
Android,The Loft,4
Android,The Loft,4
Android,The Loft,4
Android,The Loft,4
Android,The Loft,4
Android,The Loft,4
Android,The Loft,4
Android,The Loft,4
Android,The Loft,4
Android,The Loft,4
Android,The Loft,4
Android,The Loft,4
Android,The Loft,4
Android,The Loft,4
Android,The Loft,4
Android,The Loft,4
Android,The Loft,4
Android,The Loft,4
Android,The Loft,4
Android,The Loft,4
Android,The Loft,4
Android,The Loft,4
Android,The Loft,4
Android,The Loft,4
Android,The Loft,4
Android,The Loft,4
Android,The Loft,4
Android,The Loft,4
Android,The Loft,4
Android,The Loft,4
Android,The Loft,4
Android,The Loft,4
Android,The Loft,4
Android,The Loft,4
Android,The Loft,4
Android,The Loft,4
Android,The Loft,4
Android,The Loft,4
Android,The Loft,4
Android,The Loft,4
Android,The Loft,4
Android,The Loft,4
Android,The Loft,4
Android,The Loft,4
Android,The Loft,4
Android,The Loft,4
Android,The Loft,4
Android,The Loft,4
Android,The Loft,4
Android,The Loft,4
Android,The Loft,4
Android,The Loft,4
Android,The Loft,4
Android,The Loft,4
Android,The Loft,4
Android,The Loft,4
Android,The Loft,4
Android,The Loft,4
Android,The Loft,4
Android,The Loft,4
Android,The Loft,4
Android,The Loft,4
Android,The Loft,4
Android,The Loft,4
Android,The Loft,4
Android,The Loft,4
Android,The Loft,4
Android,The Loft,4
Android,The Loft,4
Android,The Loft,4
Android,The Loft,4
Android,The Loft,4
Android,The Loft,4
Android,The Loft,4
Android,The Loft,4
Android,The Loft,4
Android,The Loft,4
Android,The Loft,4
Android,The Loft,4
Android,The Loft,4
Android,The Loft,4
Android,The Loft,4
Android,The Loft,4
Android,The Loft,4
Android,The Loft,4
Android,The Loft,4
Android,The Loft,4
iPhone,Dirty Birds,2
iPhone,Dirty Birds,2
iPhone,Dirty Birds,2
iPhone,Dirty Birds,2
iPhone,Dirty Birds,2
iPhone,Dirty Birds,2
iPhone,Dirty Birds,2
iPhone,Dirty Birds,2
iPhone,Dirty Birds,2
iPhone,Dirty Birds,2
iPhone,Dirty Birds,2
iPhone,Dirty Birds,2
iPhone,Dirty Birds,2
iPhone,Dirty Birds,2
iPhone,Dirty Birds,2
iPhone,Dirty Birds,2
iPhone,Dirty Birds,2
iPhone,Dirty Birds,2
iPhone,Dirty Birds,2
iPhone,Dirty Birds,2
iPhone,Dirty Birds,2
iPhone,Dirty Birds,2
iPhone,Dirty Birds,2
iPhone,Dirty Birds,2
iPhone,Dirty Birds,2
iPhone,Dirty Birds,2
iPhone,Dirty Birds,2
iPhone,Dirty Birds,2
iPhone,Dirty Birds,2
iPhone,Dirty Birds,2
iPhone,Dirty Birds,2
iPhone,Dirty Birds,2
iPhone,Dirty Birds,2
iPhone,Dirty Birds,2
iPhone,Dirty Birds,2
iPhone,Dirty Birds,2
iPhone,Dirty Birds,2
iPhone,Dirty Birds,2
iPhone,Dirty Birds,2
iPhone,Dirty Birds,2
iPhone,Dirty Birds,2
iPhone,Dirty Birds,2
iPhone,Dirty Birds,2
iPhone,Dirty Birds,2
iPhone,Dirty Birds,2
iPhone,Dirty Birds,2
iPhone,Dirty Birds,2
iPhone,Dirty Birds,2
iPhone,Dirty Birds,2
iPhone,Dirty Birds,2
iPhone,Dirty Birds,2
iPhone,Dirty Birds,2
iPhone,Dirty Birds,2
iPhone,Dirty Birds,2
iPhone,Dirty Birds,2
iPhone,Dirty Birds,2
iPhone,Dirty Birds,2
iPhone,Dirty Birds,2
iPhone,Dirty Birds,2
iPhone,Dirty Birds,2
iPhone,Dirty Birds,2
iPhone,Dirty Birds,2
iPhone,Dirty Birds,2
iPhone,Dirty Birds,2
iPhone,Dirty Birds,2
iPhone,Dirty Birds,2
iPhone,Dirty Birds,2
iPhone,Dirty Birds,2
iPhone,Dirty Birds,2
iPhone,Dirty Birds,2
iPhone,Dirty Birds,2
iPhone,Dirty Birds,2
iPhone,Dirty Birds,2
iPhone,Dirty Birds,2
iPhone,Dirty Birds,2
iPhone,Dirty Birds,2
iPhone,Dirty Birds,2
iPhone,Dirty Birds,2
iPhone,Dirty Birds,2
iPhone,Dirty Birds,2
iPhone,Dirty Birds,2
iPhone,Dirty Birds,2
iPhone,Dirty Birds,2
iPhone,Dirty Birds,2
iPhone,Dirty Birds,2
iPhone,Dirty Birds,2
iPhone,Dirty Birds,2
iPhone,Dirty Birds,2
iPhone,Dirty Birds,2
iPhone,Dirty Birds,2
iPhone,Dirty Birds,2
iPhone,Dirty Birds,2
iPhone,Dirty Birds,2
iPhone,Dirty Birds,2
iPhone,Dirty Birds,2
iPhone,Dirty Birds,2
iPhone,Dirty Birds,2
iPhone,Dirty Birds,2
iPhone,Dirty Birds,2
iPhone,Dirty Birds,2
iPhone,Dirty Birds,2
iPhone,Dirty Birds,2
iPhone,Dirty Birds,2
iPhone,Dirty Birds,2
iPhone,Dirty Birds,2
iPhone,Dirty Birds,2
iPhone,Dirty Birds,2
iPhone,Dirty Birds,2
iPhone,Dirty Birds,2
iPhone,Dirty Birds,2
iPhone,Dirty Birds,2
iPhone,Dirty Birds,2
iPhone,Dirty Birds,2
iPhone,Dirty Birds,2
iPhone,Dirty Birds,2
iPhone,Dirty Birds,2
iPhone,Dirty Birds,2
iPhone,Dirty Birds,2
iPhone,Dirty Birds,2
iPhone,Dirty Birds,2
iPhone,Dirty Birds,2
iPhone,Dirty Birds,2
iPhone,Dirty Birds,2
iPhone,Dirty Birds,2
iPhone,Dirty Birds,2
iPhone,Dirty Birds,2
iPhone,Dirty Birds,2
iPhone,Dirty Birds,2
iPhone,Dirty Birds,2
iPhone,Dirty Birds,2
iPhone,Dirty Birds,2
iPhone,Dirty Birds,2
iPhone,Dirty Birds,2
iPhone,Dirty Birds,2
iPhone,Dirty Birds,2
iPhone,Dirty Birds,2
iPhone,Dirty Birds,2
iPhone,Dirty Birds,2
iPhone,Dirty Birds,2
iPhone,Dirty Birds,2
iPhone,Dirty Birds,2
iPhone,Dirty Birds,2
iPhone,Dirty Birds,2
iPhone,Dirty Birds,2
iPhone,Dirty Birds,2
iPhone,Dirty Birds,2
iPhone,Dirty Birds,2
iPhone,Dirty Birds,2
iPhone,Dirty Birds,2
iPhone,Dirty Birds,2
iPhone,Dirty Birds,2
iPhone,Dirty Birds,2
iPhone,Dirty Birds,2
iPhone,Dirty Birds,2
iPhone,Dirty Birds,2
iPhone,Dirty Birds,2
iPhone,Dirty Birds,2
iPhone,Dirty Birds,2
iPhone,Dirty Birds,2
iPhone,Dirty Birds,2
iPhone,Dirty Birds,2
iPhone,Dirty Birds,2
iPhone,Dirty Birds,2
iPhone,Dirty Birds,2
iPhone,Dirty Birds,2
iPhone,Dirty Birds,2
iPhone,Dirty Birds,2
iPhone,Dirty Birds,2
iPhone,Dirty Birds,2
iPhone,Dirty Birds,2
iPhone,Dirty Birds,2
iPhone,Dirty Birds,2
iPhone,Dirty Birds,2
iPhone,Dirty Birds,2
iPhone,Dirty Birds,2
iPhone,Dirty Birds,2
iPhone,Dirty Birds,2
iPhone,Dirty Birds,2
iPhone,Dirty Birds,2
iPhone,Dirty Birds,2
iPhone,Dirty Birds,2
iPhone,Dirty Birds,2
iPhone,Dirty Birds,2
iPhone,Dirty Birds,2
iPhone,Dirty Birds,2
iPhone,Dirty Birds,2
iPhone,Dirty Birds,2
iPhone,Dirty Birds,2
iPhone,Dirty Birds,2
iPhone,Dirty Birds,2
iPhone,Dirty Birds,2
iPhone,Dirty Birds,2
iPhone,Dirty Birds,2
iPhone,Dirty Birds,2
iPhone,Dirty Birds,2
iPhone,Dirty Birds,2
iPhone,Dirty Birds,2
iPhone,Dirty Birds,2
iPhone,Dirty Birds,2
iPhone,Dirty Birds,2
iPhone,Dirty Birds,2
iPhone,Dirty Birds,2
iPhone,Dirty Birds,2
iPhone,Dirty Birds,2
iPhone,Dirty Birds,2
iPhone,Dirty Birds,2
iPhone,Dirty Birds,2
iPhone,Dirty Birds,2
iPhone,Dirty Birds,2
iPhone,Dirty Birds,2
iPhone,Dirty Birds,2
iPhone,Dirty Birds,2
iPhone,Dirty Birds,2
iPhone,Dirty Birds,2
iPhone,Dirty Birds,2
iPhone,Dirty Birds,2
iPhone,Dirty Birds,2
iPhone,Dirty Birds,2
iPhone,Dirty Birds,2
iPhone,Dirty Birds,2
iPhone,Dirty Birds,2
iPhone,Dirty Birds,2
iPhone,Dirty Birds,2
iPhone,Dirty Birds,2
iPhone,Dirty Birds,2
iPhone,Dirty Birds,2
iPhone,Dirty Birds,2
iPhone,Dirty Birds,2
iPhone,Dirty Birds,2
iPhone,Dirty Birds,2
iPhone,Dirty Birds,2
iPhone,Dirty Birds,2
iPhone,Dirty Birds,2
iPhone,Dirty Birds,2
iPhone,Dirty Birds,2
iPhone,Dirty Birds,2
iPhone,Dirty Birds,2
iPhone,Dirty Birds,2
iPhone,Dirty Birds,2
iPhone,Dirty Birds,2
iPhone,Dirty Birds,2
iPhone,Dirty Birds,2
iPhone,Dirty Birds,2
iPhone,Dirty Birds,2
iPhone,Dirty Birds,2
iPhone,Dirty Birds,2
iPhone,Dirty Birds,2
iPhone,Dirty Birds,2
iPhone,Dirty Birds,2
iPhone,Dirty Birds,2
iPhone,Dirty Birds,2
iPhone,Dirty Birds,2
iPhone,Dirty Birds,2
iPhone,Dirty Birds,2
iPhone,Dirty Birds,2
iPhone,Dirty Birds,2
iPhone,Dirty Birds,2
iPhone,Dirty Birds,2
iPhone,Dirty Birds,2
iPhone,Dirty Birds,2
iPhone,Dirty Birds,2
iPhone,Dirty Birds,2
iPhone,Dirty Birds,2
iPhone,Dirty Birds,2
iPhone,Dirty Birds,2
iPhone,Dirty Birds,2
iPhone,Dirty Birds,2
iPhone,Dirty Birds,2
iPhone,Dirty Birds,2
iPhone,Dirty Birds,2
iPhone,Dirty Birds,2
iPhone,Dirty Birds,2
iPhone,Dirty Birds,2
iPhone,Dirty Birds,2
iPhone,Dirty Birds,2
iPhone,Dirty Birds,2
iPhone,Dirty Birds,2
iPhone,Dirty Birds,2
iPhone,Dirty Birds,2
iPhone,Dirty Birds,2
iPhone,Dirty Birds,2
iPhone,Dirty Birds,2
iPhone,Dirty Birds,2
iPhone,Dirty Birds,2
iPhone,Dirty Birds,2
iPhone,Dirty Birds,2
iPhone,Dirty Birds,2
iPhone,Dirty Birds,2
iPhone,Dirty Birds,2
iPhone,Dirty Birds,2
iPhone,Dirty Birds,2
iPhone,Dirty Birds,2
iPhone,Dirty Birds,2
iPhone,Dirty Birds,2
iPhone,Dirty Birds,2
iPhone,Dirty Birds,2
iPhone,Dirty Birds,2
iPhone,Dirty Birds,2
iPhone,Dirty Birds,2
iPhone,Dirty Birds,2
iPhone,Dirty Birds,2
iPhone,Dirty Birds,2
iPhone,Dirty Birds,2
iPhone,Dirty Birds,2
iPhone,Dirty Birds,2
iPhone,Dirty Birds,2
iPhone,Dirty Birds,2
iPhone,Dirty Birds,2
iPhone,Dirty Birds,2
iPhone,Dirty Birds,2
iPhone,Dirty Birds,2
iPhone,Dirty Birds,2
iPhone,Dirty Birds,2
iPhone,Dirty Birds,2
iPhone,Dirty Birds,2
iPhone,Dirty Birds,2
iPhone,Dirty Birds,2
iPhone,Dirty Birds,2
iPhone,Dirty Birds,2
iPhone,Dirty Birds,2
iPhone,Dirty Birds,2
iPhone,Dirty Birds,2
iPhone,Dirty Birds,2
iPhone,Dirty Birds,2
iPhone,Dirty Birds,2
iPhone,Dirty Birds,2
iPhone,Dirty Birds,2
iPhone,Dirty Birds,2
iPhone,Dirty Birds,2
iPhone,Dirty Birds,2
iPhone,Dirty Birds,2
iPhone,Dirty Birds,2
iPhone,Dirty Birds,2
iPhone,Dirty Birds,2
iPhone,Dirty Birds,2
iPhone,Dirty Birds,2
iPhone,Dirty Birds,2
iPhone,Dirty Birds,2
iPhone,Dirty Birds,2
iPhone,Dirty Birds,2
iPhone,Dirty Birds,2
iPhone,Dirty Birds,2
iPhone,Dirty Birds,2
iPhone,Dirty Birds,2
iPhone,Dirty Birds,2
iPhone,Dirty Birds,2
iPhone,Dirty Birds,2
iPhone,Dirty Birds,2
iPhone,Dirty Birds,2
iPhone,Dirty Birds,2
iPhone,Dirty Birds,2
iPhone,Dirty Birds,2
iPhone,Dirty Birds,2
iPhone,Dirty Birds,2
iPhone,Dirty Birds,2
iPhone,Dirty Birds,2
iPhone,Dirty Birds,2
iPhone,Dirty Birds,2
iPhone,Dirty Birds,2
iPhone,Dirty Birds,2
iPhone,Dirty Birds,2
iPhone,Dirty Birds,2
iPhone,Dirty Birds,2
iPhone,Dirty Birds,2
iPhone,Dirty Birds,2
iPhone,Dirty Birds,2
iPhone,Dirty Birds,2
iPhone,Dirty Birds,2
iPhone,Dirty Birds,2
iPhone,Dirty Birds,2
iPhone,Dirty Birds,2
iPhone,Dirty Birds,2
iPhone,Dirty Birds,2
iPhone,Dirty Birds,2
iPhone,Dirty Birds,2
iPhone,Dirty Birds,2
iPhone,Dirty Birds,2
iPhone,Dirty Birds,2
iPhone,Dirty Birds,2
iPhone,Dirty Birds,2
iPhone,Dirty Birds,2
iPhone,Dirty Birds,2
iPhone,Dirty Birds,2
iPhone,Dirty Birds,2
iPhone,Dirty Birds,2
iPhone,Dirty Birds,2
iPhone,Dirty Birds,2
iPhone,Dirty Birds,2
iPhone,Dirty Birds,2
iPhone,Dirty Birds,2
iPhone,Dirty Birds,2
iPhone,Dirty Birds,2
iPhone,Dirty Birds,2
iPhone,Dirty Birds,2
iPhone,Dirty Birds,2
iPhone,Dirty Birds,2
iPhone,Dirty Birds,2
iPhone,Dirty Birds,2
iPhone,Dirty Birds,2
iPhone,Dirty Birds,2
iPhone,Dirty Birds,2
iPhone,Dirty Birds,2
iPhone,Dirty Birds,2
iPhone,Dirty Birds,2
iPhone,Dirty Birds,2
iPhone,Dirty Birds,2
iPhone,Dirty Birds,2
iPhone,Dirty Birds,2
iPhone,Dirty Birds,2
iPhone,Dirty Birds,2
iPhone,Dirty Birds,2
iPhone,Dirty Birds,2
iPhone,Dirty Birds,2
iPhone,Dirty Birds,2
iPhone,Dirty Birds,2
iPhone,Dirty Birds,2
iPhone,Dirty Birds,2
iPhone,Dirty Birds,2
iPhone,Dirty Birds,2
iPhone,Dirty Birds,2
iPhone,Dirty Birds,2
iPhone,Dirty Birds,2
iPhone,Dirty Birds,2
iPhone,Dirty Birds,2
iPhone,Dirty Birds,2
iPhone,Dirty Birds,2
iPhone,Dirty Birds,2
iPhone,Dirty Birds,2
iPhone,Dirty Birds,2
iPhone,Dirty Birds,2
iPhone,Dirty Birds,2
iPhone,Dirty Birds,2
iPhone,Dirty Birds,2
iPhone,Dirty Birds,2
iPhone,Dirty Birds,2
iPhone,Dirty Birds,2
iPhone,Dirty Birds,2
iPhone,Dirty Birds,2
iPhone,Dirty Birds,2
iPhone,Dirty Birds,2
iPhone,Dirty Birds,2
iPhone,Dirty Birds,2
iPhone,Dirty Birds,2
iPhone,Dirty Birds,2
iPhone,Dirty Birds,2
iPhone,Dirty Birds,2
iPhone,Dirty Birds,2
iPhone,Dirty Birds,2
iPhone,Dirty Birds,2
iPhone,Dirty Birds,2
iPhone,Dirty Birds,2
iPhone,Dirty Birds,2
iPhone,Dirty Birds,2
iPhone,Dirty Birds,2
iPhone,Dirty Birds,2
iPhone,Dirty Birds,2
iPhone,Dirty Birds,2
iPhone,Dirty Birds,2
iPhone,Dirty Birds,2
iPhone,Dirty Birds,2
iPhone,Dirty Birds,2
iPhone,Dirty Birds,2
iPhone,Dirty Birds,2
iPhone,Dirty Birds,2
iPhone,Dirty Birds,2
iPhone,Dirty Birds,2
iPhone,Dirty Birds,2
iPhone,Dirty Birds,2
iPhone,Dirty Birds,2
iPhone,Dirty Birds,2
iPhone,Dirty Birds,2
iPhone,Dirty Birds,2
iPhone,Dirty Birds,2
iPhone,Dirty Birds,2
iPhone,Dirty Birds,2
iPhone,Dirty Birds,2
iPhone,Dirty Birds,2
iPhone,Dirty Birds,2
iPhone,Dirty Birds,2
iPhone,Dirty Birds,2
iPhone,Dirty Birds,2
iPhone,Dirty Birds,2
iPhone,Dirty Birds,2
iPhone,Dirty Birds,2
iPhone,Dirty Birds,2
iPhone,Dirty Birds,2
iPhone,Dirty Birds,2
iPhone,Dirty Birds,2
iPhone,Dirty Birds,2
iPhone,Dirty Birds,2
iPhone,Dirty Birds,2
iPhone,Dirty Birds,2
iPhone,Dirty Birds,2
iPhone,Dirty Birds,2
iPhone,Dirty Birds,2
iPhone,Dirty Birds,2
iPhone,Dirty Birds,2
iPhone,Dirty Birds,2
iPhone,Dirty Birds,2
iPhone,Dirty Birds,2
iPhone,Dirty Birds,2
iPhone,Dirty Birds,2
iPhone,Dirty Birds,2
iPhone,Dirty Birds,2
iPhone,Dirty Birds,2
iPhone,Dirty Birds,2
iPhone,Dirty Birds,2
iPhone,Dirty Birds,2
iPhone,Dirty Birds,2
iPhone,Dirty Birds,2
iPhone,Dirty Birds,2
iPhone,Dirty Birds,2
iPhone,Dirty Birds,2
iPhone,Dirty Birds,2
iPhone,Dirty Birds,2
iPhone,Dirty Birds,2
iPhone,Dirty Birds,2
iPhone,Dirty Birds,2
iPhone,Dirty Birds,2
iPhone,Dirty Birds,2
iPhone,Dirty Birds,2
iPhone,Dirty Birds,2
iPhone,Dirty Birds,2
iPhone,Dirty Birds,2
iPhone,Dirty Birds,2
iPhone,Dirty Birds,2
iPhone,Dirty Birds,2
iPhone,Dirty Birds,2
iPhone,Dirty Birds,2
iPhone,Dirty Birds,2
iPhone,Dirty Birds,2
iPhone,Dirty Birds,2
iPhone,Dirty Birds,2
iPhone,Dirty Birds,2
iPhone,Dirty Birds,2
iPhone,Dirty Birds,2
iPhone,Dirty Birds,2
iPhone,Dirty Birds,2
iPhone,Dirty Birds,2
iPhone,Dirty Birds,2
iPhone,Dirty Birds,2
iPhone,Dirty Birds,2
iPhone,Dirty Birds,2
iPhone,Dirty Birds,2
iPhone,Dirty Birds,2
iPhone,Dirty Birds,2
iPhone,Dirty Birds,2
iPhone,Dirty Birds,2
iPhone,Dirty Birds,2
iPhone,Dirty Birds,2
iPhone,Dirty Birds,2
iPhone,Dirty Birds,2
iPhone,Dirty Birds,2
iPhone,Dirty Birds,2
iPhone,Dirty Birds,2
iPhone,Dirty Birds,2
iPhone,Dirty Birds,2
iPhone,Dirty Birds,2
iPhone,Dirty Birds,2
iPhone,Dirty Birds,2
iPhone,Dirty Birds,2
iPhone,Dirty Birds,2
iPhone,Dirty Birds,2
iPhone,Dirty Birds,2
iPhone,Dirty Birds,2
iPhone,Dirty Birds,2
iPhone,Dirty Birds,2
iPhone,Dirty Birds,2
iPhone,Dirty Birds,2
iPhone,Dirty Birds,2
iPhone,Dirty Birds,2
iPhone,Dirty Birds,2
iPhone,Dirty Birds,2
iPhone,Dirty Birds,2
iPhone,Dirty Birds,2
iPhone,Dirty Birds,2
iPhone,Dirty Birds,2
iPhone,Dirty Birds,2
iPhone,Dirty Birds,2
iPhone,Dirty Birds,2
iPhone,Dirty Birds,2
iPhone,Dirty Birds,2
iPhone,Dirty Birds,2
iPhone,Dirty Birds,2
iPhone,Dirty Birds,2
iPhone,Dirty Birds,2
iPhone,Dirty Birds,2
iPhone,Dirty Birds,2
iPhone,Dirty Birds,2
iPhone,Dirty Birds,2
iPhone,Dirty Birds,2
iPhone,Dirty Birds,2
iPhone,Dirty Birds,2
iPhone,Dirty Birds,2
iPhone,Dirty Birds,2
iPhone,Dirty Birds,2
iPhone,Dirty Birds,2
iPhone,Dirty Birds,2
iPhone,Dirty Birds,2
iPhone,Dirty Birds,2
iPhone,Dirty Birds,2
iPhone,Dirty Birds,2
iPhone,Dirty Birds,2
iPhone,Dirty Birds,2
iPhone,Dirty Birds,2
iPhone,Dirty Birds,2
iPhone,Dirty Birds,2
iPhone,Dirty Birds,2
iPhone,Dirty Birds,2
iPhone,Dirty Birds,2
iPhone,Dirty Birds,2
iPhone,Dirty Birds,2
iPhone,Dirty Birds,2
iPhone,Dirty Birds,2
iPhone,Dirty Birds,2
iPhone,Dirty Birds,2
iPhone,Dirty Birds,2
iPhone,Dirty Birds,2
iPhone,Dirty Birds,2
iPhone,Dirty Birds,2
iPhone,Dirty Birds,2
iPhone,Dirty Birds,2
iPhone,Dirty Birds,2
iPhone,Dirty Birds,2
iPhone,Dirty Birds,2
iPhone,Dirty Birds,2
iPhone,Dirty Birds,2
iPhone,Dirty Birds,2
iPhone,Dirty Birds,2
iPhone,Dirty Birds,2
iPhone,Dirty Birds,2
iPhone,Dirty Birds,2
iPhone,Dirty Birds,2
iPhone,Dirty Birds,2
iPhone,Dirty Birds,2
iPhone,Dirty Birds,2
iPhone,Dirty Birds,2
iPhone,Dirty Birds,2
iPhone,Dirty Birds,2
iPhone,Dirty Birds,2
iPhone,Dirty Birds,2
iPhone,Dirty Birds,2
iPhone,Dirty Birds,2
iPhone,Dirty Birds,2
iPhone,Dirty Birds,2
iPhone,Dirty Birds,2
iPhone,Dirty Birds,2
iPhone,Dirty Birds,2
iPhone,Dirty Birds,2
iPhone,Dirty Birds,2
iPhone,Dirty Birds,2
iPhone,Dirty Birds,2
iPhone,Dirty Birds,2
iPhone,Dirty Birds,2
iPhone,Dirty Birds,2
iPhone,Dirty Birds,2
iPhone,Dirty Birds,2
iPhone,Dirty Birds,2
iPhone,Dirty Birds,2
iPhone,Dirty Birds,2
iPhone,Dirty Birds,2
iPhone,Dirty Birds,2
iPhone,Dirty Birds,2
iPhone,Dirty Birds,2
iPhone,Dirty Birds,2
iPhone,Dirty Birds,2
iPhone,Dirty Birds,2
iPhone,Dirty Birds,2
iPhone,Dirty Birds,2
iPhone,Dirty Birds,2
iPhone,Dirty Birds,2
iPhone,Dirty Birds,2
iPhone,Dirty Birds,2
iPhone,Dirty Birds,2
iPhone,Dirty Birds,2
iPhone,Dirty Birds,2
iPhone,Dirty Birds,2
iPhone,Dirty Birds,2
iPhone,Dirty Birds,2
iPhone,Dirty Birds,2
iPhone,Dirty Birds,2
iPhone,Dirty Birds,2
iPhone,Dirty Birds,2
iPhone,Dirty Birds,2
iPhone,Dirty Birds,2
iPhone,Dirty Birds,2
iPhone,Dirty Birds,2
iPhone,Dirty Birds,2
iPhone,Dirty Birds,2
iPhone,Dirty Birds,2
iPhone,Dirty Birds,2
iPhone,Dirty Birds,2
iPhone,Dirty Birds,2
iPhone,Dirty Birds,2
iPhone,Dirty Birds,2
iPhone,Dirty Birds,2
iPhone,Dirty Birds,2
iPhone,Dirty Birds,2
iPhone,Dirty Birds,2
iPhone,Dirty Birds,2
iPhone,Dirty Birds,2
iPhone,Dirty Birds,2
iPhone,Dirty Birds,2
iPhone,Dirty Birds,2
iPhone,Dirty Birds,2
iPhone,Dirty Birds,2
iPhone,Dirty Birds,2
iPhone,Dirty Birds,2
iPhone,Dirty Birds,2
iPhone,Dirty Birds,2
iPhone,Dirty Birds,2
iPhone,Dirty Birds,2
iPhone,Dirty Birds,2
iPhone,Dirty Birds,2
iPhone,Dirty Birds,2
iPhone,Dirty Birds,2
iPhone,Dirty Birds,2
iPhone,Dirty Birds,2
iPhone,Dirty Birds,2
iPhone,Dirty Birds,2
iPhone,Dirty Birds,2
iPhone,Dirty Birds,2
iPhone,Dirty Birds,2
iPhone,Dirty Birds,2
iPhone,Dirty Birds,2
iPhone,Dirty Birds,2
iPhone,Dirty Birds,2
iPhone,Dirty Birds,2
iPhone,Dirty Birds,2
iPhone,Dirty Birds,2
iPhone,Dirty Birds,2
iPhone,Dirty Birds,2
iPhone,Dirty Birds,2
iPhone,Dirty Birds,2
iPhone,Dirty Birds,2
iPhone,Dirty Birds,2
iPhone,Dirty Birds,2
iPhone,Dirty Birds,2
iPhone,Dirty Birds,2
iPhone,Dirty Birds,2
iPhone,Dirty Birds,2
iPhone,Dirty Birds,2
iPhone,Dirty Birds,2
iPhone,Dirty Birds,2
iPhone,Dirty Birds,2
iPhone,Dirty Birds,2
iPhone,Dirty Birds,2
iPhone,Dirty Birds,2
iPhone,Dirty Birds,2
iPhone,Dirty Birds,2
iPhone,Dirty Birds,2
iPhone,Dirty Birds,2
iPhone,Dirty Birds,2
iPhone,Dirty Birds,2
iPhone,Dirty Birds,2
iPhone,Dirty Birds,2
iPhone,Dirty Birds,2
iPhone,Dirty Birds,2
iPhone,Dirty Birds,2
iPhone,Dirty Birds,2
iPhone,Dirty Birds,2
iPhone,Dirty Birds,2
iPhone,Dirty Birds,2
iPhone,Dirty Birds,2
iPhone,Dirty Birds,2
iPhone,Dirty Birds,2
iPhone,Dirty Birds,2
iPhone,Dirty Birds,2
iPhone,Dirty Birds,2
iPhone,Dirty Birds,2
iPhone,Dirty Birds,2
iPhone,Dirty Birds,2
iPhone,Dirty Birds,2
iPhone,Dirty Birds,2
iPhone,Dirty Birds,2
iPhone,Dirty Birds,2
iPhone,Dirty Birds,2
iPhone,Dirty Birds,2
iPhone,Dirty Birds,2
iPhone,Dirty Birds,2
iPhone,Dirty Birds,2
iPhone,Dirty Birds,2
iPhone,Dirty Birds,2
iPhone,Dirty Birds,3
iPhone,Dirty Birds,3
iPhone,Dirty Birds,3
iPhone,Dirty Birds,3
iPhone,Dirty Birds,3
iPhone,Dirty Birds,3
iPhone,Dirty Birds,3
iPhone,Dirty Birds,3
iPhone,Dirty Birds,3
iPhone,Dirty Birds,3
iPhone,Dirty Birds,3
iPhone,Dirty Birds,3
iPhone,Dirty Birds,3
iPhone,Dirty Birds,3
iPhone,Dirty Birds,3
iPhone,Dirty Birds,3
iPhone,Dirty Birds,3
iPhone,Dirty Birds,3
iPhone,Dirty Birds,3
iPhone,Dirty Birds,3
iPhone,Dirty Birds,3
iPhone,Dirty Birds,3
iPhone,Dirty Birds,3
iPhone,Dirty Birds,3
iPhone,Dirty Birds,3
iPhone,Dirty Birds,3
iPhone,Dirty Birds,3
iPhone,Dirty Birds,3
iPhone,Dirty Birds,3
iPhone,Dirty Birds,3
iPhone,Dirty Birds,3
iPhone,Dirty Birds,3
iPhone,Dirty Birds,3
iPhone,Dirty Birds,3
iPhone,Dirty Birds,3
iPhone,Dirty Birds,3
iPhone,Dirty Birds,3
iPhone,Dirty Birds,3
iPhone,Dirty Birds,3
iPhone,Dirty Birds,3
iPhone,Dirty Birds,3
iPhone,Dirty Birds,3
iPhone,Dirty Birds,3
iPhone,Dirty Birds,3
iPhone,Dirty Birds,3
iPhone,Dirty Birds,3
iPhone,Dirty Birds,3
iPhone,Dirty Birds,3
iPhone,Dirty Birds,3
iPhone,Dirty Birds,3
iPhone,Dirty Birds,3
iPhone,Dirty Birds,3
iPhone,Dirty Birds,3
iPhone,Dirty Birds,3
iPhone,Dirty Birds,3
iPhone,Dirty Birds,3
iPhone,Dirty Birds,3
iPhone,Dirty Birds,3
iPhone,Dirty Birds,3
iPhone,Dirty Birds,3
iPhone,Dirty Birds,3
iPhone,Dirty Birds,3
iPhone,Dirty Birds,3
iPhone,Dirty Birds,3
iPhone,Dirty Birds,3
iPhone,Dirty Birds,3
iPhone,Dirty Birds,3
iPhone,Dirty Birds,3
iPhone,Dirty Birds,3
iPhone,Dirty Birds,3
iPhone,Dirty Birds,3
iPhone,Dirty Birds,3
iPhone,Dirty Birds,3
iPhone,Dirty Birds,3
iPhone,Dirty Birds,3
iPhone,Dirty Birds,3
iPhone,Dirty Birds,3
iPhone,Dirty Birds,3
iPhone,Dirty Birds,3
iPhone,Dirty Birds,3
iPhone,Dirty Birds,3
iPhone,Dirty Birds,3
iPhone,Dirty Birds,3
iPhone,Dirty Birds,3
iPhone,Dirty Birds,3
iPhone,Dirty Birds,3
iPhone,Dirty Birds,3
iPhone,Dirty Birds,3
iPhone,Dirty Birds,3
iPhone,Dirty Birds,3
iPhone,Dirty Birds,3
iPhone,Dirty Birds,3
iPhone,Dirty Birds,3
iPhone,Dirty Birds,3
iPhone,Dirty Birds,3
iPhone,Dirty Birds,3
iPhone,Dirty Birds,3
iPhone,Dirty Birds,3
iPhone,Dirty Birds,3
iPhone,Dirty Birds,3
iPhone,Dirty Birds,3
iPhone,Dirty Birds,3
iPhone,Dirty Birds,3
iPhone,Dirty Birds,3
iPhone,Dirty Birds,3
iPhone,Dirty Birds,3
iPhone,Dirty Birds,3
iPhone,Dirty Birds,3
iPhone,Dirty Birds,3
iPhone,Dirty Birds,3
iPhone,Dirty Birds,3
iPhone,Dirty Birds,3
iPhone,Dirty Birds,3
iPhone,Dirty Birds,3
iPhone,Dirty Birds,3
iPhone,Dirty Birds,3
iPhone,Dirty Birds,3
iPhone,Dirty Birds,3
iPhone,Dirty Birds,3
iPhone,Dirty Birds,3
iPhone,Dirty Birds,3
iPhone,Dirty Birds,3
iPhone,Dirty Birds,3
iPhone,Dirty Birds,3
iPhone,Dirty Birds,3
iPhone,Dirty Birds,3
iPhone,Dirty Birds,3
iPhone,Dirty Birds,3
iPhone,Dirty Birds,3
iPhone,Dirty Birds,3
iPhone,Dirty Birds,3
iPhone,Dirty Birds,3
iPhone,Dirty Birds,3
iPhone,Dirty Birds,3
iPhone,Dirty Birds,3
iPhone,Dirty Birds,3
iPhone,Dirty Birds,3
iPhone,Dirty Birds,3
iPhone,Dirty Birds,3
iPhone,Dirty Birds,3
iPhone,Dirty Birds,3
iPhone,Dirty Birds,3
iPhone,Dirty Birds,3
iPhone,Dirty Birds,3
iPhone,Dirty Birds,3
iPhone,Dirty Birds,3
iPhone,Dirty Birds,3
iPhone,Dirty Birds,3
iPhone,Dirty Birds,3
iPhone,Dirty Birds,3
iPhone,Dirty Birds,3
iPhone,Dirty Birds,3
iPhone,Dirty Birds,3
iPhone,Dirty Birds,3
iPhone,Dirty Birds,3
iPhone,Dirty Birds,3
iPhone,Dirty Birds,3
iPhone,Dirty Birds,3
iPhone,Dirty Birds,3
iPhone,Dirty Birds,3
iPhone,Dirty Birds,3
iPhone,Dirty Birds,3
iPhone,Dirty Birds,3
iPhone,Dirty Birds,3
iPhone,Dirty Birds,3
iPhone,Dirty Birds,3
iPhone,Dirty Birds,3
iPhone,Dirty Birds,3
iPhone,Dirty Birds,3
iPhone,Dirty Birds,3
iPhone,Dirty Birds,3
iPhone,Dirty Birds,3
iPhone,Dirty Birds,3
iPhone,Dirty Birds,3
iPhone,Dirty Birds,3
iPhone,Dirty Birds,3
iPhone,Dirty Birds,3
iPhone,Dirty Birds,3
iPhone,Dirty Birds,3
iPhone,Dirty Birds,3
iPhone,Dirty Birds,3
iPhone,Dirty Birds,3
iPhone,Dirty Birds,3
iPhone,Dirty Birds,3
iPhone,Dirty Birds,3
iPhone,Dirty Birds,3
iPhone,Dirty Birds,3
iPhone,Dirty Birds,3
iPhone,Dirty Birds,3
iPhone,Dirty Birds,3
iPhone,Dirty Birds,3
iPhone,Dirty Birds,3
iPhone,Dirty Birds,3
iPhone,Dirty Birds,3
iPhone,Dirty Birds,3
iPhone,Dirty Birds,3
iPhone,Dirty Birds,3
iPhone,Dirty Birds,3
iPhone,Dirty Birds,3
iPhone,Dirty Birds,3
iPhone,Dirty Birds,3
iPhone,Dirty Birds,3
iPhone,Dirty Birds,3
iPhone,Dirty Birds,3
iPhone,Dirty Birds,3
iPhone,Dirty Birds,3
iPhone,Dirty Birds,3
iPhone,Dirty Birds,3
iPhone,Dirty Birds,3
iPhone,Dirty Birds,3
iPhone,Dirty Birds,3
iPhone,Dirty Birds,3
iPhone,Dirty Birds,3
iPhone,Dirty Birds,3
iPhone,Dirty Birds,3
iPhone,Dirty Birds,3
iPhone,Dirty Birds,3
iPhone,Dirty Birds,3
iPhone,Dirty Birds,3
iPhone,Dirty Birds,3
iPhone,Dirty Birds,3
iPhone,Dirty Birds,3
iPhone,Dirty Birds,3
iPhone,Dirty Birds,3
iPhone,Dirty Birds,3
iPhone,Dirty Birds,3
iPhone,Dirty Birds,3
iPhone,Dirty Birds,3
iPhone,Dirty Birds,3
iPhone,Dirty Birds,3
iPhone,Dirty Birds,3
iPhone,Dirty Birds,3
iPhone,Dirty Birds,3
iPhone,Dirty Birds,3
iPhone,Dirty Birds,3
iPhone,Dirty Birds,3
iPhone,Dirty Birds,3
iPhone,Dirty Birds,3
iPhone,Dirty Birds,3
iPhone,Dirty Birds,3
iPhone,Dirty Birds,3
iPhone,Dirty Birds,3
iPhone,Dirty Birds,3
iPhone,Dirty Birds,3
iPhone,Dirty Birds,3
iPhone,Dirty Birds,3
iPhone,Dirty Birds,3
iPhone,Dirty Birds,3
iPhone,Dirty Birds,3
iPhone,Dirty Birds,3
iPhone,Dirty Birds,3
iPhone,Dirty Birds,3
iPhone,Dirty Birds,3
iPhone,Dirty Birds,3
iPhone,Dirty Birds,3
iPhone,Dirty Birds,3
iPhone,Dirty Birds,3
iPhone,Dirty Birds,3
iPhone,Dirty Birds,3
iPhone,Dirty Birds,3
iPhone,Dirty Birds,3
iPhone,Dirty Birds,3
iPhone,Dirty Birds,3
iPhone,Dirty Birds,3
iPhone,Dirty Birds,3
iPhone,Dirty Birds,3
iPhone,Dirty Birds,3
iPhone,Dirty Birds,3
iPhone,Dirty Birds,3
iPhone,Dirty Birds,3
iPhone,Dirty Birds,3
iPhone,Dirty Birds,3
iPhone,Dirty Birds,3
iPhone,Dirty Birds,3
iPhone,Dirty Birds,3
iPhone,Dirty Birds,3
iPhone,Dirty Birds,3
iPhone,Dirty Birds,3
iPhone,Dirty Birds,3
iPhone,Dirty Birds,3
iPhone,Dirty Birds,3
iPhone,Dirty Birds,3
iPhone,Dirty Birds,3
iPhone,Dirty Birds,3
iPhone,Dirty Birds,3
iPhone,Dirty Birds,3
iPhone,Dirty Birds,3
iPhone,Dirty Birds,3
iPhone,Dirty Birds,3
iPhone,Dirty Birds,3
iPhone,Dirty Birds,3
iPhone,Dirty Birds,3
iPhone,Dirty Birds,3
iPhone,Dirty Birds,3
iPhone,Dirty Birds,3
iPhone,Dirty Birds,3
iPhone,Dirty Birds,3
iPhone,Dirty Birds,3
iPhone,Dirty Birds,3
iPhone,Dirty Birds,3
iPhone,Dirty Birds,3
iPhone,Dirty Birds,3
iPhone,Dirty Birds,3
iPhone,Dirty Birds,3
iPhone,Dirty Birds,3
iPhone,Dirty Birds,3
iPhone,Dirty Birds,3
iPhone,Dirty Birds,3
iPhone,Dirty Birds,3
iPhone,Dirty Birds,3
iPhone,Dirty Birds,3
iPhone,Dirty Birds,3
iPhone,Dirty Birds,3
iPhone,Dirty Birds,3
iPhone,Dirty Birds,3
iPhone,Dirty Birds,3
iPhone,Dirty Birds,3
iPhone,Dirty Birds,3
iPhone,Dirty Birds,3
iPhone,Dirty Birds,3
iPhone,Dirty Birds,3
iPhone,Dirty Birds,3
iPhone,Dirty Birds,3
iPhone,Dirty Birds,3
iPhone,Dirty Birds,3
iPhone,Dirty Birds,3
iPhone,Dirty Birds,3
iPhone,Dirty Birds,3
iPhone,Dirty Birds,3
iPhone,Dirty Birds,3
iPhone,Dirty Birds,3
iPhone,Dirty Birds,3
iPhone,Dirty Birds,3
iPhone,Dirty Birds,3
iPhone,Dirty Birds,3
iPhone,Dirty Birds,3
iPhone,Dirty Birds,3
iPhone,Dirty Birds,3
iPhone,Dirty Birds,3
iPhone,Dirty Birds,3
iPhone,Dirty Birds,3
iPhone,Dirty Birds,3
iPhone,Dirty Birds,3
iPhone,Dirty Birds,3
iPhone,Dirty Birds,3
iPhone,Dirty Birds,3
iPhone,Dirty Birds,3
iPhone,Dirty Birds,3
iPhone,Dirty Birds,3
iPhone,Dirty Birds,3
iPhone,Dirty Birds,3
iPhone,Dirty Birds,3
iPhone,Dirty Birds,3
iPhone,Dirty Birds,3
iPhone,Dirty Birds,3
iPhone,Dirty Birds,3
iPhone,Dirty Birds,3
iPhone,Dirty Birds,3
iPhone,Dirty Birds,3
iPhone,Dirty Birds,3
iPhone,Dirty Birds,3
iPhone,Dirty Birds,3
iPhone,Dirty Birds,3
iPhone,Dirty Birds,3
iPhone,Dirty Birds,3
iPhone,Dirty Birds,3
iPhone,Dirty Birds,3
iPhone,Dirty Birds,3
iPhone,Dirty Birds,3
iPhone,Dirty Birds,3
iPhone,Dirty Birds,3
iPhone,Dirty Birds,3
iPhone,Dirty Birds,3
iPhone,Dirty Birds,3
iPhone,Dirty Birds,3
iPhone,Dirty Birds,3
iPhone,Dirty Birds,3
iPhone,Dirty Birds,3
iPhone,Dirty Birds,3
iPhone,Dirty Birds,3
iPhone,Dirty Birds,3
iPhone,Dirty Birds,3
iPhone,Dirty Birds,3
iPhone,Dirty Birds,3
iPhone,Dirty Birds,3
iPhone,Dirty Birds,3
iPhone,Dirty Birds,3
iPhone,Dirty Birds,3
iPhone,Dirty Birds,3
iPhone,Dirty Birds,3
iPhone,Dirty Birds,3
iPhone,Dirty Birds,3
iPhone,Dirty Birds,3
iPhone,Dirty Birds,3
iPhone,Dirty Birds,3
iPhone,Dirty Birds,3
iPhone,Dirty Birds,3
iPhone,Dirty Birds,3
iPhone,Dirty Birds,3
iPhone,Dirty Birds,3
iPhone,Dirty Birds,3
iPhone,Dirty Birds,3
iPhone,Dirty Birds,3
iPhone,Dirty Birds,3
iPhone,Dirty Birds,3
iPhone,Dirty Birds,3
iPhone,Dirty Birds,3
iPhone,Dirty Birds,3
iPhone,Dirty Birds,3
iPhone,Dirty Birds,3
iPhone,Dirty Birds,3
iPhone,Dirty Birds,3
iPhone,Dirty Birds,3
iPhone,Dirty Birds,3
iPhone,Dirty Birds,3
iPhone,Dirty Birds,3
iPhone,Dirty Birds,3
iPhone,Dirty Birds,3
iPhone,Dirty Birds,3
iPhone,Dirty Birds,3
iPhone,Dirty Birds,3
iPhone,Dirty Birds,3
iPhone,Dirty Birds,3
iPhone,Dirty Birds,3
iPhone,Dirty Birds,3
iPhone,Dirty Birds,3
iPhone,Dirty Birds,3
iPhone,Dirty Birds,3
iPhone,Dirty Birds,3
iPhone,Dirty Birds,3
iPhone,Dirty Birds,3
iPhone,Dirty Birds,3
iPhone,Dirty Birds,3
iPhone,Dirty Birds,3
iPhone,Dirty Birds,3
iPhone,Dirty Birds,3
iPhone,Dirty Birds,3
iPhone,Dirty Birds,3
iPhone,Dirty Birds,3
iPhone,Dirty Birds,3
iPhone,Dirty Birds,3
iPhone,Dirty Birds,3
iPhone,Dirty Birds,3
iPhone,Dirty Birds,3
iPhone,Dirty Birds,3
iPhone,Dirty Birds,3
iPhone,Dirty Birds,3
iPhone,Dirty Birds,3
iPhone,Dirty Birds,3
iPhone,Dirty Birds,3
iPhone,Dirty Birds,3
iPhone,Dirty Birds,3
iPhone,Dirty Birds,3
iPhone,Dirty Birds,3
iPhone,Dirty Birds,3
iPhone,Dirty Birds,3
iPhone,Dirty Birds,3
iPhone,Dirty Birds,3
iPhone,Dirty Birds,3
iPhone,Dirty Birds,3
iPhone,Dirty Birds,3
iPhone,Dirty Birds,3
iPhone,Dirty Birds,3
iPhone,Dirty Birds,3
iPhone,Dirty Birds,3
iPhone,Dirty Birds,3
iPhone,Dirty Birds,3
iPhone,Dirty Birds,3
iPhone,Dirty Birds,3
iPhone,Dirty Birds,3
iPhone,Dirty Birds,3
iPhone,Dirty Birds,3
iPhone,Dirty Birds,3
iPhone,Dirty Birds,3
iPhone,Dirty Birds,3
iPhone,Dirty Birds,3
iPhone,Dirty Birds,3
iPhone,Dirty Birds,3
iPhone,Dirty Birds,3
iPhone,Dirty Birds,3
iPhone,Dirty Birds,3
iPhone,Dirty Birds,3
iPhone,Dirty Birds,3
iPhone,Dirty Birds,3
iPhone,Dirty Birds,3
iPhone,Dirty Birds,3
iPhone,Dirty Birds,3
iPhone,Dirty Birds,3
iPhone,Dirty Birds,3
iPhone,Dirty Birds,3
iPhone,Dirty Birds,3
iPhone,Dirty Birds,3
iPhone,Dirty Birds,3
iPhone,Dirty Birds,3
iPhone,Dirty Birds,3
iPhone,Dirty Birds,3
iPhone,Dirty Birds,3
iPhone,Dirty Birds,3
iPhone,Dirty Birds,3
iPhone,Dirty Birds,3
iPhone,Dirty Birds,3
iPhone,Dirty Birds,3
iPhone,Dirty Birds,3
iPhone,Dirty Birds,3
iPhone,Dirty Birds,3
iPhone,Dirty Birds,3
iPhone,Dirty Birds,3
iPhone,Dirty Birds,3
iPhone,Dirty Birds,3
iPhone,Dirty Birds,3
iPhone,Dirty Birds,3
iPhone,Dirty Birds,3
iPhone,Dirty Birds,3
iPhone,Dirty Birds,3
iPhone,Dirty Birds,3
iPhone,Dirty Birds,3
iPhone,Dirty Birds,3
iPhone,Dirty Birds,3
iPhone,Dirty Birds,3
iPhone,Dirty Birds,3
iPhone,Dirty Birds,3
iPhone,Dirty Birds,3
iPhone,Dirty Birds,3
iPhone,Dirty Birds,3
iPhone,Dirty Birds,3
iPhone,Dirty Birds,3
iPhone,Dirty Birds,3
iPhone,Dirty Birds,3
iPhone,Dirty Birds,3
iPhone,Dirty Birds,3
iPhone,Dirty Birds,3
iPhone,Dirty Birds,3
iPhone,Dirty Birds,3
iPhone,Dirty Birds,3
iPhone,Dirty Birds,3
iPhone,Dirty Birds,3
iPhone,Dirty Birds,3
iPhone,Dirty Birds,3
iPhone,Dirty Birds,3
iPhone,Dirty Birds,3
iPhone,Dirty Birds,3
iPhone,Dirty Birds,3
iPhone,Dirty Birds,3
iPhone,Dirty Birds,3
iPhone,Dirty Birds,3
iPhone,Dirty Birds,3
iPhone,Dirty Birds,3
iPhone,Dirty Birds,3
iPhone,Dirty Birds,3
iPhone,Dirty Birds,3
iPhone,Dirty Birds,3
iPhone,Dirty Birds,3
iPhone,Dirty Birds,3
iPhone,Dirty Birds,3
iPhone,Dirty Birds,3
iPhone,Dirty Birds,3
iPhone,Dirty Birds,3
iPhone,Dirty Birds,3
iPhone,Dirty Birds,3
iPhone,Dirty Birds,3
iPhone,Dirty Birds,3
iPhone,Dirty Birds,3
iPhone,Dirty Birds,3
iPhone,Dirty Birds,3
iPhone,Dirty Birds,3
iPhone,Dirty Birds,3
iPhone,Dirty Birds,3
iPhone,Dirty Birds,3
iPhone,Dirty Birds,3
iPhone,Dirty Birds,3
iPhone,Dirty Birds,3
iPhone,Dirty Birds,3
iPhone,Dirty Birds,3
iPhone,Dirty Birds,3
iPhone,Dirty Birds,3
iPhone,Dirty Birds,3
iPhone,Dirty Birds,3
iPhone,Dirty Birds,3
iPhone,Dirty Birds,3
iPhone,Dirty Birds,3
iPhone,Dirty Birds,3
iPhone,Dirty Birds,3
iPhone,Dirty Birds,3
iPhone,Dirty Birds,3
iPhone,Dirty Birds,3
iPhone,Dirty Birds,3
iPhone,Dirty Birds,3
iPhone,Dirty Birds,3
iPhone,Dirty Birds,3
iPhone,Dirty Birds,3
iPhone,Dirty Birds,3
iPhone,Dirty Birds,3
iPhone,Dirty Birds,3
iPhone,Dirty Birds,3
iPhone,Dirty Birds,3
iPhone,Dirty Birds,3
iPhone,Dirty Birds,3
iPhone,Dirty Birds,3
iPhone,Dirty Birds,3
iPhone,Dirty Birds,3
iPhone,Dirty Birds,3
iPhone,Dirty Birds,3
iPhone,Dirty Birds,3
iPhone,Dirty Birds,3
iPhone,Dirty Birds,3
iPhone,Dirty Birds,3
iPhone,Dirty Birds,3
iPhone,Dirty Birds,3
iPhone,Dirty Birds,3
iPhone,Dirty Birds,3
iPhone,Dirty Birds,3
iPhone,Dirty Birds,3
iPhone,Dirty Birds,3
iPhone,Dirty Birds,3
iPhone,Dirty Birds,3
iPhone,Dirty Birds,3
iPhone,Dirty Birds,3
iPhone,Dirty Birds,3
iPhone,Dirty Birds,3
iPhone,Dirty Birds,4
iPhone,Dirty Birds,4
iPhone,Dirty Birds,4
iPhone,Dirty Birds,4
iPhone,Dirty Birds,4
iPhone,Dirty Birds,4
iPhone,Dirty Birds,4
iPhone,Dirty Birds,4
iPhone,Dirty Birds,4
iPhone,Dirty Birds,4
iPhone,Dirty Birds,4
iPhone,Dirty Birds,4
iPhone,Dirty Birds,4
iPhone,Dirty Birds,4
iPhone,Dirty Birds,4
iPhone,Dirty Birds,4
iPhone,Dirty Birds,4
iPhone,Dirty Birds,4
iPhone,Dirty Birds,4
iPhone,Dirty Birds,4
iPhone,Dirty Birds,4
iPhone,Dirty Birds,4
iPhone,Dirty Birds,4
iPhone,Dirty Birds,4
iPhone,Dirty Birds,4
iPhone,Dirty Birds,4
iPhone,Dirty Birds,4
iPhone,Dirty Birds,4
iPhone,Dirty Birds,4
iPhone,Dirty Birds,4
iPhone,Dirty Birds,4
iPhone,Dirty Birds,4
iPhone,Dirty Birds,4
iPhone,Dirty Birds,4
iPhone,Dirty Birds,4
iPhone,Dirty Birds,4
iPhone,Dirty Birds,4
iPhone,Dirty Birds,4
iPhone,Dirty Birds,4
iPhone,Dirty Birds,4
iPhone,Dirty Birds,4
iPhone,Dirty Birds,4
iPhone,Dirty Birds,4
iPhone,Dirty Birds,4
iPhone,Dirty Birds,4
iPhone,Dirty Birds,4
iPhone,Dirty Birds,4
iPhone,Dirty Birds,4
iPhone,Dirty Birds,4
iPhone,Dirty Birds,4
iPhone,Dirty Birds,4
iPhone,Dirty Birds,4
iPhone,Dirty Birds,4
iPhone,Dirty Birds,4
iPhone,Dirty Birds,4
iPhone,Dirty Birds,4
iPhone,Dirty Birds,4
iPhone,Dirty Birds,4
iPhone,Dirty Birds,4
iPhone,Dirty Birds,4
iPhone,Dirty Birds,4
iPhone,Dirty Birds,4
iPhone,Dirty Birds,4
iPhone,Dirty Birds,4
iPhone,Dirty Birds,4
iPhone,Dirty Birds,4
iPhone,Dirty Birds,4
iPhone,Dirty Birds,4
iPhone,Dirty Birds,4
iPhone,Dirty Birds,4
iPhone,Dirty Birds,4
iPhone,Dirty Birds,4
iPhone,Dirty Birds,4
iPhone,Dirty Birds,4
iPhone,Dirty Birds,4
iPhone,Dirty Birds,4
iPhone,Dirty Birds,4
iPhone,Dirty Birds,4
iPhone,Dirty Birds,4
iPhone,Dirty Birds,4
iPhone,Dirty Birds,4
iPhone,Dirty Birds,4
iPhone,Dirty Birds,4
iPhone,Dirty Birds,4
iPhone,Dirty Birds,4
iPhone,Dirty Birds,4
iPhone,Dirty Birds,4
iPhone,Dirty Birds,4
iPhone,Dirty Birds,4
iPhone,Dirty Birds,4
iPhone,Dirty Birds,4
iPhone,Dirty Birds,4
iPhone,Dirty Birds,4
iPhone,Dirty Birds,4
iPhone,Dirty Birds,4
iPhone,Dirty Birds,4
iPhone,Dirty Birds,4
iPhone,Dirty Birds,4
iPhone,Dirty Birds,4
iPhone,Dirty Birds,4
iPhone,Dirty Birds,4
iPhone,Dirty Birds,4
iPhone,Dirty Birds,4
iPhone,Dirty Birds,4
iPhone,Dirty Birds,4
iPhone,Dirty Birds,4
iPhone,Dirty Birds,4
iPhone,Dirty Birds,4
iPhone,Dirty Birds,4
iPhone,Dirty Birds,4
iPhone,Dirty Birds,4
iPhone,Dirty Birds,4
iPhone,Dirty Birds,4
iPhone,Dirty Birds,4
iPhone,Dirty Birds,4
iPhone,Dirty Birds,4
iPhone,Dirty Birds,4
iPhone,Dirty Birds,4
iPhone,Dirty Birds,4
iPhone,Dirty Birds,4
iPhone,Dirty Birds,4
iPhone,Dirty Birds,4
iPhone,Dirty Birds,4
iPhone,Dirty Birds,4
iPhone,Dirty Birds,4
iPhone,Dirty Birds,4
iPhone,Dirty Birds,4
iPhone,Dirty Birds,4
iPhone,Dirty Birds,4
iPhone,Dirty Birds,4
iPhone,Dirty Birds,4
iPhone,Dirty Birds,4
iPhone,Dirty Birds,4
iPhone,Dirty Birds,4
iPhone,Dirty Birds,4
iPhone,Dirty Birds,4
iPhone,Dirty Birds,4
iPhone,Dirty Birds,4
iPhone,Dirty Birds,4
iPhone,Dirty Birds,4
iPhone,Dirty Birds,4
iPhone,Dirty Birds,4
iPhone,Dirty Birds,4
iPhone,Dirty Birds,4
iPhone,Dirty Birds,4
iPhone,Dirty Birds,4
iPhone,Dirty Birds,4
iPhone,Dirty Birds,4
iPhone,Dirty Birds,4
iPhone,Dirty Birds,4
iPhone,Dirty Birds,4
iPhone,Dirty Birds,4
iPhone,Dirty Birds,4
iPhone,Dirty Birds,4
iPhone,Dirty Birds,4
iPhone,Dirty Birds,4
iPhone,Dirty Birds,4
iPhone,Dirty Birds,4
iPhone,Dirty Birds,4
iPhone,Dirty Birds,4
iPhone,Dirty Birds,4
iPhone,Dirty Birds,4
iPhone,Dirty Birds,4
iPhone,Dirty Birds,4
iPhone,Dirty Birds,4
iPhone,Dirty Birds,4
iPhone,Dirty Birds,4
iPhone,Dirty Birds,4
iPhone,Dirty Birds,4
iPhone,Dirty Birds,4
iPhone,Dirty Birds,4
iPhone,Dirty Birds,4
iPhone,Dirty Birds,4
iPhone,Dirty Birds,4
iPhone,Dirty Birds,4
iPhone,Dirty Birds,4
iPhone,Dirty Birds,4
iPhone,Dirty Birds,4
iPhone,Dirty Birds,4
iPhone,Dirty Birds,4
iPhone,Dirty Birds,4
iPhone,Dirty Birds,4
iPhone,Dirty Birds,4
iPhone,Dirty Birds,4
iPhone,Dirty Birds,4
iPhone,Dirty Birds,4
iPhone,Dirty Birds,4
iPhone,Dirty Birds,4
iPhone,Dirty Birds,4
iPhone,Dirty Birds,4
iPhone,Dirty Birds,4
iPhone,Dirty Birds,4
iPhone,Dirty Birds,4
iPhone,Dirty Birds,4
iPhone,Dirty Birds,4
iPhone,Dirty Birds,4
iPhone,Dirty Birds,4
iPhone,Dirty Birds,4
iPhone,Dirty Birds,4
iPhone,Dirty Birds,4
iPhone,Dirty Birds,4
iPhone,Dirty Birds,4
iPhone,Dirty Birds,4
iPhone,Dirty Birds,4
iPhone,Dirty Birds,4
iPhone,Dirty Birds,4
iPhone,Dirty Birds,4
iPhone,Dirty Birds,4
iPhone,Dirty Birds,4
iPhone,Dirty Birds,4
iPhone,Dirty Birds,4
iPhone,Dirty Birds,4
iPhone,Dirty Birds,4
iPhone,Dirty Birds,4
iPhone,Dirty Birds,4
iPhone,Dirty Birds,4
iPhone,Dirty Birds,4
iPhone,Dirty Birds,4
iPhone,Dirty Birds,4
iPhone,Dirty Birds,4
iPhone,Dirty Birds,4
iPhone,Dirty Birds,4
iPhone,Dirty Birds,4
iPhone,Dirty Birds,4
iPhone,Dirty Birds,4
iPhone,Dirty Birds,4
iPhone,Dirty Birds,4
iPhone,Dirty Birds,4
iPhone,Dirty Birds,4
iPhone,Dirty Birds,4
iPhone,Dirty Birds,4
iPhone,Dirty Birds,4
iPhone,Dirty Birds,4
iPhone,Dirty Birds,4
iPhone,Dirty Birds,4
iPhone,Dirty Birds,4
iPhone,Dirty Birds,4
iPhone,Dirty Birds,4
iPhone,Dirty Birds,4
iPhone,Dirty Birds,4
iPhone,Dirty Birds,4
iPhone,Dirty Birds,4
iPhone,Dirty Birds,4
iPhone,Dirty Birds,4
iPhone,Dirty Birds,4
iPhone,Dirty Birds,4
iPhone,Dirty Birds,4
iPhone,Dirty Birds,4
iPhone,Dirty Birds,4
iPhone,Dirty Birds,4
iPhone,Dirty Birds,4
iPhone,Dirty Birds,4
iPhone,Dirty Birds,4
iPhone,Dirty Birds,4
iPhone,Dirty Birds,4
iPhone,Dirty Birds,4
iPhone,Dirty Birds,4
iPhone,Dirty Birds,4
iPhone,Dirty Birds,4
iPhone,Dirty Birds,4
iPhone,Dirty Birds,4
iPhone,Dirty Birds,4
iPhone,Dirty Birds,4
iPhone,Dirty Birds,4
iPhone,Dirty Birds,4
iPhone,Dirty Birds,4
iPhone,Dirty Birds,4
iPhone,Dirty Birds,4
iPhone,Dirty Birds,4
iPhone,Dirty Birds,4
iPhone,Dirty Birds,4
iPhone,Dirty Birds,4
iPhone,Dirty Birds,4
iPhone,Dirty Birds,4
iPhone,Dirty Birds,4
iPhone,Dirty Birds,4
iPhone,Dirty Birds,4
iPhone,Dirty Birds,4
iPhone,Dirty Birds,4
iPhone,Dirty Birds,4
iPhone,Dirty Birds,4
iPhone,Dirty Birds,4
iPhone,Dirty Birds,4
iPhone,Dirty Birds,4
iPhone,Dirty Birds,4
iPhone,Dirty Birds,4
iPhone,Dirty Birds,4
iPhone,Dirty Birds,4
iPhone,Dirty Birds,4
iPhone,Dirty Birds,4
iPhone,Dirty Birds,4
iPhone,Dirty Birds,4
iPhone,Dirty Birds,4
iPhone,Dirty Birds,4
iPhone,Dirty Birds,4
iPhone,Dirty Birds,4
iPhone,Dirty Birds,4
iPhone,Dirty Birds,4
iPhone,Dirty Birds,4
iPhone,Dirty Birds,4
iPhone,Dirty Birds,4
iPhone,Dirty Birds,4
iPhone,Dirty Birds,4
iPhone,Dirty Birds,4
iPhone,Dirty Birds,4
iPhone,Dirty Birds,4
iPhone,Dirty Birds,4
iPhone,Dirty Birds,4
iPhone,Dirty Birds,4
iPhone,Dirty Birds,4
iPhone,Dirty Birds,4
iPhone,Dirty Birds,4
iPhone,Dirty Birds,4
iPhone,Dirty Birds,4
iPhone,Dirty Birds,4
iPhone,Dirty Birds,4
iPhone,Dirty Birds,4
iPhone,Dirty Birds,4
iPhone,Dirty Birds,4
iPhone,Dirty Birds,4
iPhone,Dirty Birds,4
iPhone,Dirty Birds,4
iPhone,Dirty Birds,4
iPhone,Dirty Birds,4
iPhone,Dirty Birds,4
iPhone,Dirty Birds,4
iPhone,Dirty Birds,4
iPhone,Dirty Birds,4
iPhone,Dirty Birds,4
iPhone,Dirty Birds,4
iPhone,Dirty Birds,4
iPhone,Dirty Birds,4
iPhone,Dirty Birds,4
iPhone,Dirty Birds,4
iPhone,Dirty Birds,4
iPhone,Dirty Birds,4
iPhone,Dirty Birds,4
iPhone,Dirty Birds,4
iPhone,Dirty Birds,4
iPhone,Dirty Birds,4
iPhone,Dirty Birds,4
iPhone,Dirty Birds,4
iPhone,Dirty Birds,4
iPhone,Dirty Birds,4
iPhone,Dirty Birds,4
iPhone,Dirty Birds,4
iPhone,Dirty Birds,4
iPhone,Dirty Birds,4
iPhone,Dirty Birds,4
iPhone,Dirty Birds,4
iPhone,Dirty Birds,4
iPhone,Dirty Birds,4
iPhone,Dirty Birds,4
iPhone,Dirty Birds,4
iPhone,Dirty Birds,4
iPhone,Dirty Birds,4
iPhone,Dirty Birds,4
iPhone,Dirty Birds,4
iPhone,Dirty Birds,4
iPhone,Dirty Birds,4
iPhone,Dirty Birds,4
iPhone,Dirty Birds,4
iPhone,Dirty Birds,4
iPhone,Dirty Birds,4
iPhone,Dirty Birds,4
iPhone,Dirty Birds,4
iPhone,Dirty Birds,4
iPhone,Dirty Birds,4
iPhone,Dirty Birds,4
iPhone,Dirty Birds,4
iPhone,Dirty Birds,4
iPhone,Dirty Birds,4
iPhone,Dirty Birds,4
iPhone,Dirty Birds,4
iPhone,Dirty Birds,4
iPhone,Dirty Birds,4
iPhone,Dirty Birds,4
iPhone,Dirty Birds,4
iPhone,Dirty Birds,4
iPhone,Dirty Birds,4
iPhone,Dirty Birds,4
iPhone,Dirty Birds,4
iPhone,Dirty Birds,4
iPhone,Dirty Birds,4
iPhone,Dirty Birds,4
iPhone,Dirty Birds,4
iPhone,Dirty Birds,4
iPhone,Dirty Birds,4
iPhone,Dirty Birds,4
iPhone,Dirty Birds,4
iPhone,Dirty Birds,4
iPhone,Dirty Birds,4
iPhone,Dirty Birds,4
iPhone,Dirty Birds,4
iPhone,Dirty Birds,4
iPhone,Dirty Birds,4
iPhone,Dirty Birds,4
iPhone,Dirty Birds,4
iPhone,Dirty Birds,4
iPhone,Dirty Birds,4
iPhone,Dirty Birds,4
iPhone,Dirty Birds,4
iPhone,Dirty Birds,4
iPhone,Dirty Birds,4
iPhone,Dirty Birds,4
iPhone,Dirty Birds,4
iPhone,Dirty Birds,4
iPhone,Dirty Birds,4
iPhone,Dirty Birds,4
iPhone,Dirty Birds,4
iPhone,Dirty Birds,4
iPhone,Dirty Birds,4
iPhone,Dirty Birds,4
iPhone,Dirty Birds,4
iPhone,Dirty Birds,4
iPhone,Dirty Birds,4
iPhone,Dirty Birds,4
iPhone,Dirty Birds,4
iPhone,Dirty Birds,4
iPhone,Dirty Birds,4
iPhone,Dirty Birds,4
iPhone,Dirty Birds,4
iPhone,Dirty Birds,4
iPhone,Dirty Birds,4
iPhone,Dirty Birds,4
iPhone,Dirty Birds,4
iPhone,Dirty Birds,4
iPhone,Dirty Birds,4
iPhone,Dirty Birds,4
iPhone,Dirty Birds,4
iPhone,Dirty Birds,4
iPhone,Dirty Birds,4
iPhone,Dirty Birds,4
iPhone,Dirty Birds,4
iPhone,Dirty Birds,4
iPhone,Dirty Birds,4
iPhone,Dirty Birds,4
iPhone,Dirty Birds,4
iPhone,Dirty Birds,4
iPhone,Dirty Birds,4
iPhone,Dirty Birds,4
iPhone,Dirty Birds,4
iPhone,Dirty Birds,4
iPhone,Dirty Birds,4
iPhone,Dirty Birds,4
iPhone,Dirty Birds,4
iPhone,Dirty Birds,4
iPhone,Dirty Birds,4
iPhone,Dirty Birds,4
iPhone,Dirty Birds,4
iPhone,Dirty Birds,4
iPhone,Dirty Birds,4
iPhone,Dirty Birds,4
iPhone,Dirty Birds,4
iPhone,Dirty Birds,4
iPhone,Dirty Birds,4
iPhone,Dirty Birds,4
iPhone,Dirty Birds,4
iPhone,Dirty Birds,4
iPhone,Dirty Birds,4
iPhone,Dirty Birds,4
iPhone,Dirty Birds,4
iPhone,Dirty Birds,4
iPhone,Dirty Birds,4
iPhone,Dirty Birds,4
iPhone,Dirty Birds,4
iPhone,Dirty Birds,4
iPhone,Dirty Birds,4
iPhone,Dirty Birds,4
iPhone,Dirty Birds,4
iPhone,Dirty Birds,4
iPhone,Dirty Birds,4
iPhone,Dirty Birds,4
iPhone,Dirty Birds,4
iPhone,Dirty Birds,4
iPhone,Dirty Birds,4
iPhone,Dirty Birds,4
iPhone,Dirty Birds,4
iPhone,Dirty Birds,4
iPhone,Dirty Birds,4
iPhone,Dirty Birds,4
iPhone,Dirty Birds,4
iPhone,Dirty Birds,4
iPhone,Dirty Birds,4
iPhone,Dirty Birds,4
iPhone,Dirty Birds,4
iPhone,Dirty Birds,4
iPhone,Dirty Birds,4
iPhone,Dirty Birds,4
iPhone,Dirty Birds,4
iPhone,Dirty Birds,4
iPhone,Dirty Birds,4
iPhone,Dirty Birds,4
iPhone,Dirty Birds,4
iPhone,Dirty Birds,4
iPhone,Dirty Birds,4
iPhone,Dirty Birds,4
iPhone,Dirty Birds,4
iPhone,Dirty Birds,4
iPhone,Dirty Birds,4
iPhone,Dirty Birds,4
iPhone,Dirty Birds,4
iPhone,Dirty Birds,4
iPhone,Dirty Birds,4
iPhone,Dirty Birds,4
iPhone,Dirty Birds,4
iPhone,Dirty Birds,4
iPhone,Dirty Birds,4
iPhone,Dirty Birds,4
iPhone,Dirty Birds,4
iPhone,Dirty Birds,4
iPhone,Dirty Birds,4
iPhone,Dirty Birds,4
iPhone,Dirty Birds,4
iPhone,Dirty Birds,4
iPhone,Dirty Birds,4
iPhone,Dirty Birds,4
iPhone,Dirty Birds,4
iPhone,Dirty Birds,4
iPhone,Dirty Birds,4
iPhone,Dirty Birds,4
iPhone,Dirty Birds,4
iPhone,Dirty Birds,4
iPhone,Dirty Birds,4
iPhone,Dirty Birds,4
iPhone,Dirty Birds,4
iPhone,Dirty Birds,4
iPhone,Dirty Birds,4
iPhone,Dirty Birds,4
iPhone,Dirty Birds,4
iPhone,Dirty Birds,4
iPhone,Dirty Birds,4
iPhone,Dirty Birds,4
iPhone,Dirty Birds,4
iPhone,Dirty Birds,4
iPhone,Dirty Birds,4
iPhone,Dirty Birds,4
iPhone,Dirty Birds,4
iPhone,Dirty Birds,4
iPhone,Dirty Birds,4
iPhone,Dirty Birds,4
iPhone,Dirty Birds,4
iPhone,Dirty Birds,4
iPhone,Dirty Birds,4
iPhone,Dirty Birds,4
iPhone,Dirty Birds,4
iPhone,Dirty Birds,4
iPhone,Dirty Birds,4
iPhone,Dirty Birds,4
iPhone,Dirty Birds,4
iPhone,Dirty Birds,4
iPhone,Dirty Birds,4
iPhone,Dirty Birds,4
iPhone,Dirty Birds,4
iPhone,Dirty Birds,4
iPhone,Dirty Birds,4
iPhone,Dirty Birds,4
iPhone,Dirty Birds,4
iPhone,Dirty Birds,4
iPhone,Dirty Birds,4
iPhone,Dirty Birds,4
iPhone,Dirty Birds,4
iPhone,Dirty Birds,4
iPhone,Dirty Birds,4
iPhone,Dirty Birds,4
iPhone,Dirty Birds,4
iPhone,Dirty Birds,4
iPhone,Dirty Birds,4
iPhone,Dirty Birds,4
iPhone,Dirty Birds,4
iPhone,Dirty Birds,4
iPhone,Dirty Birds,4
iPhone,Dirty Birds,4
iPhone,Dirty Birds,4
iPhone,Dirty Birds,4
iPhone,Dirty Birds,4
iPhone,Dirty Birds,4
iPhone,Dirty Birds,4
iPhone,Dirty Birds,4
iPhone,Dirty Birds,4
iPhone,Dirty Birds,4
iPhone,Dirty Birds,4
iPhone,Dirty Birds,4
iPhone,Dirty Birds,4
iPhone,Dirty Birds,4
iPhone,Dirty Birds,4
iPhone,Dirty Birds,4
iPhone,Dirty Birds,4
iPhone,Dirty Birds,4
iPhone,Dirty Birds,4
iPhone,Dirty Birds,4
iPhone,Dirty Birds,4
iPhone,Dirty Birds,4
iPhone,Dirty Birds,4
iPhone,Dirty Birds,4
iPhone,Dirty Birds,4
iPhone,Dirty Birds,4
iPhone,Dirty Birds,4
iPhone,Dirty Birds,4
iPhone,Dirty Birds,4
iPhone,Dirty Birds,4
iPhone,Dirty Birds,4
iPhone,Dirty Birds,4
iPhone,Dirty Birds,4
iPhone,Dirty Birds,4
iPhone,Dirty Birds,4
iPhone,Dirty Birds,4
iPhone,Dirty Birds,4
iPhone,Dirty Birds,4
iPhone,Dirty Birds,4
iPhone,Dirty Birds,4
iPhone,Dirty Birds,4
iPhone,Dirty Birds,4
iPhone,Dirty Birds,4
iPhone,Dirty Birds,4
iPhone,Dirty Birds,4
iPhone,Dirty Birds,4
iPhone,Dirty Birds,4
iPhone,Dirty Birds,4
iPhone,Dirty Birds,4
iPhone,Dirty Birds,4
iPhone,Dirty Birds,4
iPhone,Dirty Birds,4
iPhone,Dirty Birds,4
iPhone,Dirty Birds,4
iPhone,Dirty Birds,4
iPhone,Dirty Birds,4
iPhone,Dirty Birds,4
iPhone,Dirty Birds,4
iPhone,Dirty Birds,4
iPhone,Dirty Birds,4
iPhone,Dirty Birds,4
iPhone,Dirty Birds,4
iPhone,Dirty Birds,4
iPhone,Dirty Birds,4
iPhone,Dirty Birds,4
iPhone,Dirty Birds,4
iPhone,Dirty Birds,4
iPhone,Dirty Birds,4
iPhone,Dirty Birds,4
iPhone,Dirty Birds,4
iPhone,Dirty Birds,4
iPhone,Dirty Birds,4
iPhone,Dirty Birds,4
iPhone,Dirty Birds,4
iPhone,Dirty Birds,4
iPhone,Dirty Birds,4
iPhone,Dirty Birds,4
iPhone,Dirty Birds,4
iPhone,Dirty Birds,4
iPhone,Dirty Birds,4
iPhone,Dirty Birds,4
iPhone,Dirty Birds,4
iPhone,Dirty Birds,4
iPhone,Dirty Birds,4
iPhone,Dirty Birds,4
iPhone,Dirty Birds,4
iPhone,Dirty Birds,4
iPhone,Dirty Birds,4
iPhone,Dirty Birds,4
iPhone,Dirty Birds,4
iPhone,Dirty Birds,4
iPhone,Dirty Birds,4
iPhone,Dirty Birds,4
iPhone,Dirty Birds,4
iPhone,Dirty Birds,4
iPhone,Dirty Birds,4
iPhone,Dirty Birds,4
iPhone,Dirty Birds,4
iPhone,Dirty Birds,4
iPhone,Dirty Birds,4
iPhone,Dirty Birds,4
iPhone,Dirty Birds,4
iPhone,Dirty Birds,4
iPhone,Dirty Birds,4
iPhone,Dirty Birds,4
iPhone,Dirty Birds,4
iPhone,Dirty Birds,4
iPhone,Dirty Birds,4
iPhone,Dirty Birds,4
iPhone,Dirty Birds,4
iPhone,Dirty Birds,4
iPhone,Dirty Birds,4
iPhone,Dirty Birds,4
iPhone,Dirty Birds,4
iPhone,Dirty Birds,4
iPhone,Dirty Birds,4
iPhone,Dirty Birds,4
iPhone,Dirty Birds,4
iPhone,Dirty Birds,4
iPhone,Dirty Birds,4
iPhone,Dirty Birds,4
iPhone,Dirty Birds,4
iPhone,Dirty Birds,4
iPhone,Dirty Birds,4
iPhone,Dirty Birds,4
iPhone,Dirty Birds,4
iPhone,Dirty Birds,4
iPhone,Dirty Birds,4
iPhone,Dirty Birds,4
iPhone,Dirty Birds,4
iPhone,Dirty Birds,4
iPhone,Dirty Birds,4
iPhone,Dirty Birds,4
iPhone,Dirty Birds,4
iPhone,Dirty Birds,4
iPhone,Dirty Birds,4
iPhone,Dirty Birds,4
iPhone,Dirty Birds,4
iPhone,Dirty Birds,4
iPhone,Dirty Birds,4
iPhone,Dirty Birds,4
iPhone,Dirty Birds,4
iPhone,Dirty Birds,4
iPhone,Dirty Birds,4
iPhone,Dirty Birds,4
iPhone,Dirty Birds,4
iPhone,Dirty Birds,4
iPhone,Dirty Birds,4
iPhone,Dirty Birds,4
iPhone,Dirty Birds,4
iPhone,Dirty Birds,4
iPhone,Dirty Birds,4
iPhone,Dirty Birds,4
iPhone,Dirty Birds,4
iPhone,Dirty Birds,4
iPhone,Dirty Birds,4
iPhone,Dirty Birds,4
iPhone,Dirty Birds,4
iPhone,Dirty Birds,4
iPhone,Dirty Birds,4
iPhone,Dirty Birds,4
iPhone,Dirty Birds,4
iPhone,Dirty Birds,4
iPhone,Dirty Birds,4
iPhone,Dirty Birds,4
iPhone,Dirty Birds,4
iPhone,Dirty Birds,4
iPhone,Dirty Birds,4
iPhone,Dirty Birds,4
iPhone,Dirty Birds,4
iPhone,Dirty Birds,4
iPhone,Dirty Birds,4
iPhone,Dirty Birds,4
iPhone,Dirty Birds,4
iPhone,Dirty Birds,4
iPhone,Dirty Birds,4
iPhone,Dirty Birds,4
iPhone,Dirty Birds,4
iPhone,Dirty Birds,4
iPhone,Dirty Birds,4
iPhone,Dirty Birds,4
iPhone,Dirty Birds,4
iPhone,Dirty Birds,4
iPhone,Dirty Birds,4
iPhone,Dirty Birds,4
iPhone,Dirty Birds,4
iPhone,The Loft,2
iPhone,The Loft,2
iPhone,The Loft,2
iPhone,The Loft,2
iPhone,The Loft,2
iPhone,The Loft,2
iPhone,The Loft,2
iPhone,The Loft,2
iPhone,The Loft,2
iPhone,The Loft,2
iPhone,The Loft,2
iPhone,The Loft,2
iPhone,The Loft,2
iPhone,The Loft,2
iPhone,The Loft,2
iPhone,The Loft,2
iPhone,The Loft,2
iPhone,The Loft,2
iPhone,The Loft,2
iPhone,The Loft,2
iPhone,The Loft,2
iPhone,The Loft,2
iPhone,The Loft,2
iPhone,The Loft,2
iPhone,The Loft,2
iPhone,The Loft,2
iPhone,The Loft,2
iPhone,The Loft,2
iPhone,The Loft,2
iPhone,The Loft,2
iPhone,The Loft,2
iPhone,The Loft,2
iPhone,The Loft,2
iPhone,The Loft,2
iPhone,The Loft,2
iPhone,The Loft,2
iPhone,The Loft,2
iPhone,The Loft,2
iPhone,The Loft,2
iPhone,The Loft,2
iPhone,The Loft,2
iPhone,The Loft,2
iPhone,The Loft,2
iPhone,The Loft,2
iPhone,The Loft,2
iPhone,The Loft,2
iPhone,The Loft,2
iPhone,The Loft,2
iPhone,The Loft,2
iPhone,The Loft,2
iPhone,The Loft,2
iPhone,The Loft,2
iPhone,The Loft,2
iPhone,The Loft,2
iPhone,The Loft,2
iPhone,The Loft,2
iPhone,The Loft,2
iPhone,The Loft,2
iPhone,The Loft,2
iPhone,The Loft,2
iPhone,The Loft,2
iPhone,The Loft,2
iPhone,The Loft,2
iPhone,The Loft,2
iPhone,The Loft,2
iPhone,The Loft,2
iPhone,The Loft,2
iPhone,The Loft,2
iPhone,The Loft,2
iPhone,The Loft,2
iPhone,The Loft,2
iPhone,The Loft,2
iPhone,The Loft,2
iPhone,The Loft,2
iPhone,The Loft,2
iPhone,The Loft,2
iPhone,The Loft,2
iPhone,The Loft,2
iPhone,The Loft,2
iPhone,The Loft,2
iPhone,The Loft,2
iPhone,The Loft,2
iPhone,The Loft,2
iPhone,The Loft,2
iPhone,The Loft,2
iPhone,The Loft,2
iPhone,The Loft,2
iPhone,The Loft,2
iPhone,The Loft,2
iPhone,The Loft,2
iPhone,The Loft,2
iPhone,The Loft,2
iPhone,The Loft,2
iPhone,The Loft,2
iPhone,The Loft,2
iPhone,The Loft,2
iPhone,The Loft,2
iPhone,The Loft,2
iPhone,The Loft,2
iPhone,The Loft,2
iPhone,The Loft,2
iPhone,The Loft,2
iPhone,The Loft,2
iPhone,The Loft,2
iPhone,The Loft,2
iPhone,The Loft,2
iPhone,The Loft,2
iPhone,The Loft,2
iPhone,The Loft,2
iPhone,The Loft,2
iPhone,The Loft,2
iPhone,The Loft,2
iPhone,The Loft,2
iPhone,The Loft,2
iPhone,The Loft,2
iPhone,The Loft,2
iPhone,The Loft,2
iPhone,The Loft,2
iPhone,The Loft,2
iPhone,The Loft,2
iPhone,The Loft,2
iPhone,The Loft,2
iPhone,The Loft,2
iPhone,The Loft,2
iPhone,The Loft,2
iPhone,The Loft,2
iPhone,The Loft,2
iPhone,The Loft,2
iPhone,The Loft,2
iPhone,The Loft,2
iPhone,The Loft,2
iPhone,The Loft,2
iPhone,The Loft,2
iPhone,The Loft,2
iPhone,The Loft,2
iPhone,The Loft,2
iPhone,The Loft,2
iPhone,The Loft,2
iPhone,The Loft,2
iPhone,The Loft,2
iPhone,The Loft,2
iPhone,The Loft,2
iPhone,The Loft,2
iPhone,The Loft,2
iPhone,The Loft,2
iPhone,The Loft,2
iPhone,The Loft,2
iPhone,The Loft,2
iPhone,The Loft,2
iPhone,The Loft,2
iPhone,The Loft,2
iPhone,The Loft,2
iPhone,The Loft,2
iPhone,The Loft,2
iPhone,The Loft,2
iPhone,The Loft,2
iPhone,The Loft,2
iPhone,The Loft,2
iPhone,The Loft,2
iPhone,The Loft,2
iPhone,The Loft,2
iPhone,The Loft,2
iPhone,The Loft,2
iPhone,The Loft,2
iPhone,The Loft,2
iPhone,The Loft,2
iPhone,The Loft,2
iPhone,The Loft,2
iPhone,The Loft,2
iPhone,The Loft,2
iPhone,The Loft,2
iPhone,The Loft,2
iPhone,The Loft,2
iPhone,The Loft,2
iPhone,The Loft,2
iPhone,The Loft,2
iPhone,The Loft,2
iPhone,The Loft,2
iPhone,The Loft,2
iPhone,The Loft,2
iPhone,The Loft,2
iPhone,The Loft,2
iPhone,The Loft,2
iPhone,The Loft,2
iPhone,The Loft,2
iPhone,The Loft,2
iPhone,The Loft,2
iPhone,The Loft,2
iPhone,The Loft,2
iPhone,The Loft,2
iPhone,The Loft,2
iPhone,The Loft,2
iPhone,The Loft,2
iPhone,The Loft,2
iPhone,The Loft,2
iPhone,The Loft,2
iPhone,The Loft,2
iPhone,The Loft,2
iPhone,The Loft,2
iPhone,The Loft,2
iPhone,The Loft,2
iPhone,The Loft,2
iPhone,The Loft,2
iPhone,The Loft,2
iPhone,The Loft,2
iPhone,The Loft,2
iPhone,The Loft,2
iPhone,The Loft,2
iPhone,The Loft,2
iPhone,The Loft,2
iPhone,The Loft,2
iPhone,The Loft,2
iPhone,The Loft,2
iPhone,The Loft,2
iPhone,The Loft,2
iPhone,The Loft,2
iPhone,The Loft,2
iPhone,The Loft,2
iPhone,The Loft,2
iPhone,The Loft,2
iPhone,The Loft,2
iPhone,The Loft,2
iPhone,The Loft,2
iPhone,The Loft,2
iPhone,The Loft,2
iPhone,The Loft,2
iPhone,The Loft,2
iPhone,The Loft,2
iPhone,The Loft,2
iPhone,The Loft,2
iPhone,The Loft,2
iPhone,The Loft,2
iPhone,The Loft,2
iPhone,The Loft,2
iPhone,The Loft,2
iPhone,The Loft,2
iPhone,The Loft,2
iPhone,The Loft,2
iPhone,The Loft,2
iPhone,The Loft,2
iPhone,The Loft,2
iPhone,The Loft,2
iPhone,The Loft,2
iPhone,The Loft,2
iPhone,The Loft,2
iPhone,The Loft,2
iPhone,The Loft,2
iPhone,The Loft,2
iPhone,The Loft,2
iPhone,The Loft,2
iPhone,The Loft,2
iPhone,The Loft,2
iPhone,The Loft,2
iPhone,The Loft,2
iPhone,The Loft,2
iPhone,The Loft,2
iPhone,The Loft,2
iPhone,The Loft,2
iPhone,The Loft,2
iPhone,The Loft,2
iPhone,The Loft,2
iPhone,The Loft,2
iPhone,The Loft,2
iPhone,The Loft,2
iPhone,The Loft,2
iPhone,The Loft,2
iPhone,The Loft,2
iPhone,The Loft,2
iPhone,The Loft,2
iPhone,The Loft,2
iPhone,The Loft,2
iPhone,The Loft,2
iPhone,The Loft,2
iPhone,The Loft,2
iPhone,The Loft,2
iPhone,The Loft,2
iPhone,The Loft,2
iPhone,The Loft,2
iPhone,The Loft,2
iPhone,The Loft,2
iPhone,The Loft,2
iPhone,The Loft,2
iPhone,The Loft,2
iPhone,The Loft,2
iPhone,The Loft,2
iPhone,The Loft,2
iPhone,The Loft,2
iPhone,The Loft,2
iPhone,The Loft,2
iPhone,The Loft,2
iPhone,The Loft,2
iPhone,The Loft,2
iPhone,The Loft,2
iPhone,The Loft,2
iPhone,The Loft,2
iPhone,The Loft,2
iPhone,The Loft,2
iPhone,The Loft,2
iPhone,The Loft,2
iPhone,The Loft,2
iPhone,The Loft,2
iPhone,The Loft,2
iPhone,The Loft,2
iPhone,The Loft,2
iPhone,The Loft,2
iPhone,The Loft,2
iPhone,The Loft,2
iPhone,The Loft,2
iPhone,The Loft,2
iPhone,The Loft,2
iPhone,The Loft,2
iPhone,The Loft,2
iPhone,The Loft,2
iPhone,The Loft,2
iPhone,The Loft,2
iPhone,The Loft,2
iPhone,The Loft,2
iPhone,The Loft,2
iPhone,The Loft,2
iPhone,The Loft,2
iPhone,The Loft,2
iPhone,The Loft,2
iPhone,The Loft,2
iPhone,The Loft,2
iPhone,The Loft,2
iPhone,The Loft,2
iPhone,The Loft,2
iPhone,The Loft,2
iPhone,The Loft,2
iPhone,The Loft,2
iPhone,The Loft,2
iPhone,The Loft,2
iPhone,The Loft,2
iPhone,The Loft,2
iPhone,The Loft,2
iPhone,The Loft,2
iPhone,The Loft,2
iPhone,The Loft,2
iPhone,The Loft,2
iPhone,The Loft,2
iPhone,The Loft,2
iPhone,The Loft,2
iPhone,The Loft,2
iPhone,The Loft,2
iPhone,The Loft,2
iPhone,The Loft,2
iPhone,The Loft,2
iPhone,The Loft,2
iPhone,The Loft,2
iPhone,The Loft,2
iPhone,The Loft,2
iPhone,The Loft,2
iPhone,The Loft,2
iPhone,The Loft,2
iPhone,The Loft,2
iPhone,The Loft,2
iPhone,The Loft,2
iPhone,The Loft,2
iPhone,The Loft,2
iPhone,The Loft,2
iPhone,The Loft,2
iPhone,The Loft,2
iPhone,The Loft,2
iPhone,The Loft,2
iPhone,The Loft,2
iPhone,The Loft,2
iPhone,The Loft,2
iPhone,The Loft,2
iPhone,The Loft,2
iPhone,The Loft,2
iPhone,The Loft,2
iPhone,The Loft,2
iPhone,The Loft,2
iPhone,The Loft,2
iPhone,The Loft,2
iPhone,The Loft,2
iPhone,The Loft,2
iPhone,The Loft,2
iPhone,The Loft,2
iPhone,The Loft,2
iPhone,The Loft,2
iPhone,The Loft,2
iPhone,The Loft,2
iPhone,The Loft,2
iPhone,The Loft,2
iPhone,The Loft,2
iPhone,The Loft,2
iPhone,The Loft,2
iPhone,The Loft,2
iPhone,The Loft,2
iPhone,The Loft,2
iPhone,The Loft,2
iPhone,The Loft,2
iPhone,The Loft,2
iPhone,The Loft,2
iPhone,The Loft,2
iPhone,The Loft,2
iPhone,The Loft,2
iPhone,The Loft,2
iPhone,The Loft,2
iPhone,The Loft,2
iPhone,The Loft,2
iPhone,The Loft,2
iPhone,The Loft,2
iPhone,The Loft,2
iPhone,The Loft,2
iPhone,The Loft,2
iPhone,The Loft,2
iPhone,The Loft,2
iPhone,The Loft,2
iPhone,The Loft,2
iPhone,The Loft,2
iPhone,The Loft,2
iPhone,The Loft,2
iPhone,The Loft,2
iPhone,The Loft,2
iPhone,The Loft,2
iPhone,The Loft,2
iPhone,The Loft,2
iPhone,The Loft,2
iPhone,The Loft,2
iPhone,The Loft,2
iPhone,The Loft,2
iPhone,The Loft,2
iPhone,The Loft,2
iPhone,The Loft,2
iPhone,The Loft,2
iPhone,The Loft,2
iPhone,The Loft,2
iPhone,The Loft,2
iPhone,The Loft,2
iPhone,The Loft,2
iPhone,The Loft,2
iPhone,The Loft,2
iPhone,The Loft,2
iPhone,The Loft,2
iPhone,The Loft,2
iPhone,The Loft,2
iPhone,The Loft,2
iPhone,The Loft,2
iPhone,The Loft,2
iPhone,The Loft,2
iPhone,The Loft,2
iPhone,The Loft,2
iPhone,The Loft,2
iPhone,The Loft,2
iPhone,The Loft,2
iPhone,The Loft,2
iPhone,The Loft,2
iPhone,The Loft,2
iPhone,The Loft,2
iPhone,The Loft,2
iPhone,The Loft,2
iPhone,The Loft,2
iPhone,The Loft,2
iPhone,The Loft,2
iPhone,The Loft,2
iPhone,The Loft,2
iPhone,The Loft,2
iPhone,The Loft,2
iPhone,The Loft,2
iPhone,The Loft,2
iPhone,The Loft,2
iPhone,The Loft,2
iPhone,The Loft,2
iPhone,The Loft,2
iPhone,The Loft,2
iPhone,The Loft,2
iPhone,The Loft,2
iPhone,The Loft,2
iPhone,The Loft,2
iPhone,The Loft,2
iPhone,The Loft,2
iPhone,The Loft,2
iPhone,The Loft,2
iPhone,The Loft,2
iPhone,The Loft,2
iPhone,The Loft,2
iPhone,The Loft,2
iPhone,The Loft,2
iPhone,The Loft,2
iPhone,The Loft,2
iPhone,The Loft,2
iPhone,The Loft,2
iPhone,The Loft,2
iPhone,The Loft,2
iPhone,The Loft,2
iPhone,The Loft,2
iPhone,The Loft,2
iPhone,The Loft,2
iPhone,The Loft,2
iPhone,The Loft,2
iPhone,The Loft,2
iPhone,The Loft,2
iPhone,The Loft,2
iPhone,The Loft,2
iPhone,The Loft,2
iPhone,The Loft,2
iPhone,The Loft,2
iPhone,The Loft,2
iPhone,The Loft,2
iPhone,The Loft,2
iPhone,The Loft,2
iPhone,The Loft,2
iPhone,The Loft,2
iPhone,The Loft,2
iPhone,The Loft,2
iPhone,The Loft,2
iPhone,The Loft,2
iPhone,The Loft,2
iPhone,The Loft,2
iPhone,The Loft,2
iPhone,The Loft,2
iPhone,The Loft,2
iPhone,The Loft,2
iPhone,The Loft,2
iPhone,The Loft,2
iPhone,The Loft,2
iPhone,The Loft,2
iPhone,The Loft,2
iPhone,The Loft,2
iPhone,The Loft,2
iPhone,The Loft,2
iPhone,The Loft,2
iPhone,The Loft,2
iPhone,The Loft,2
iPhone,The Loft,2
iPhone,The Loft,2
iPhone,The Loft,2
iPhone,The Loft,2
iPhone,The Loft,2
iPhone,The Loft,2
iPhone,The Loft,2
iPhone,The Loft,2
iPhone,The Loft,2
iPhone,The Loft,2
iPhone,The Loft,2
iPhone,The Loft,2
iPhone,The Loft,2
iPhone,The Loft,2
iPhone,The Loft,2
iPhone,The Loft,3
iPhone,The Loft,3
iPhone,The Loft,3
iPhone,The Loft,3
iPhone,The Loft,3
iPhone,The Loft,3
iPhone,The Loft,3
iPhone,The Loft,3
iPhone,The Loft,3
iPhone,The Loft,3
iPhone,The Loft,3
iPhone,The Loft,3
iPhone,The Loft,3
iPhone,The Loft,3
iPhone,The Loft,3
iPhone,The Loft,3
iPhone,The Loft,3
iPhone,The Loft,3
iPhone,The Loft,3
iPhone,The Loft,3
iPhone,The Loft,3
iPhone,The Loft,3
iPhone,The Loft,3
iPhone,The Loft,3
iPhone,The Loft,3
iPhone,The Loft,3
iPhone,The Loft,3
iPhone,The Loft,3
iPhone,The Loft,3
iPhone,The Loft,3
iPhone,The Loft,3
iPhone,The Loft,3
iPhone,The Loft,3
iPhone,The Loft,3
iPhone,The Loft,3
iPhone,The Loft,3
iPhone,The Loft,3
iPhone,The Loft,3
iPhone,The Loft,3
iPhone,The Loft,3
iPhone,The Loft,3
iPhone,The Loft,3
iPhone,The Loft,3
iPhone,The Loft,3
iPhone,The Loft,3
iPhone,The Loft,3
iPhone,The Loft,3
iPhone,The Loft,3
iPhone,The Loft,3
iPhone,The Loft,3
iPhone,The Loft,3
iPhone,The Loft,3
iPhone,The Loft,3
iPhone,The Loft,3
iPhone,The Loft,3
iPhone,The Loft,3
iPhone,The Loft,3
iPhone,The Loft,3
iPhone,The Loft,3
iPhone,The Loft,3
iPhone,The Loft,3
iPhone,The Loft,3
iPhone,The Loft,3
iPhone,The Loft,3
iPhone,The Loft,3
iPhone,The Loft,3
iPhone,The Loft,3
iPhone,The Loft,3
iPhone,The Loft,3
iPhone,The Loft,3
iPhone,The Loft,3
iPhone,The Loft,3
iPhone,The Loft,3
iPhone,The Loft,3
iPhone,The Loft,3
iPhone,The Loft,3
iPhone,The Loft,3
iPhone,The Loft,3
iPhone,The Loft,3
iPhone,The Loft,3
iPhone,The Loft,3
iPhone,The Loft,3
iPhone,The Loft,3
iPhone,The Loft,3
iPhone,The Loft,3
iPhone,The Loft,3
iPhone,The Loft,3
iPhone,The Loft,3
iPhone,The Loft,3
iPhone,The Loft,3
iPhone,The Loft,3
iPhone,The Loft,3
iPhone,The Loft,3
iPhone,The Loft,3
iPhone,The Loft,3
iPhone,The Loft,3
iPhone,The Loft,3
iPhone,The Loft,3
iPhone,The Loft,3
iPhone,The Loft,3
iPhone,The Loft,3
iPhone,The Loft,3
iPhone,The Loft,3
iPhone,The Loft,3
iPhone,The Loft,3
iPhone,The Loft,3
iPhone,The Loft,3
iPhone,The Loft,4
iPhone,The Loft,4
iPhone,The Loft,4
iPhone,The Loft,4
iPhone,The Loft,4
iPhone,The Loft,4
iPhone,The Loft,4
iPhone,The Loft,4
iPhone,The Loft,4
iPhone,The Loft,4
iPhone,The Loft,4
iPhone,The Loft,4
iPhone,The Loft,4
iPhone,The Loft,4
iPhone,The Loft,4
iPhone,The Loft,4
iPhone,The Loft,4
iPhone,The Loft,4
iPhone,The Loft,4
iPhone,The Loft,4
iPhone,The Loft,4
iPhone,The Loft,4
iPhone,The Loft,4
iPhone,The Loft,4
iPhone,The Loft,4
iPhone,The Loft,4
iPhone,The Loft,4
iPhone,The Loft,4
iPhone,The Loft,4
iPhone,The Loft,4
iPhone,The Loft,4
iPhone,The Loft,4
iPhone,The Loft,4
iPhone,The Loft,4
iPhone,The Loft,4
iPhone,The Loft,4
iPhone,The Loft,4
iPhone,The Loft,4
iPhone,The Loft,4
iPhone,The Loft,4
iPhone,The Loft,4
iPhone,The Loft,4
iPhone,The Loft,4
iPhone,The Loft,4
iPhone,The Loft,4
iPhone,The Loft,4
iPhone,The Loft,4
iPhone,The Loft,4
iPhone,The Loft,4
iPhone,The Loft,4
iPhone,The Loft,4
iPhone,The Loft,4
iPhone,The Loft,4
iPhone,The Loft,4
iPhone,The Loft,4
iPhone,The Loft,4
iPhone,The Loft,4
iPhone,The Loft,4
iPhone,The Loft,4
iPhone,The Loft,4
iPhone,The Loft,4
iPhone,The Loft,4
iPhone,The Loft,4
iPhone,The Loft,4
iPhone,The Loft,4
iPhone,The Loft,4
iPhone,The Loft,4
iPhone,The Loft,4
iPhone,The Loft,4
iPhone,The Loft,4
iPhone,The Loft,4
iPhone,The Loft,4
iPhone,The Loft,4
iPhone,The Loft,4
iPhone,The Loft,4
iPhone,The Loft,4
iPhone,The Loft,4
iPhone,The Loft,4
iPhone,The Loft,4
iPhone,The Loft,4
iPhone,The Loft,4
iPhone,The Loft,4
iPhone,The Loft,4
iPhone,The Loft,4
iPhone,The Loft,4
iPhone,The Loft,4
iPhone,The Loft,4
iPhone,The Loft,4
iPhone,The Loft,4
iPhone,The Loft,4
iPhone,The Loft,4
iPhone,The Loft,4
iPhone,The Loft,4
iPhone,The Loft,4
iPhone,The Loft,4
iPhone,The Loft,4
iPhone,The Loft,4
iPhone,The Loft,4
iPhone,The Loft,4
iPhone,The Loft,4
iPhone,The Loft,4
iPhone,The Loft,4
iPhone,The Loft,4
iPhone,The Loft,4
iPhone,The Loft,4
iPhone,The Loft,4
iPhone,The Loft,4
iPhone,The Loft,4
iPhone,The Loft,4
iPhone,The Loft,4
iPhone,The Loft,4
iPhone,The Loft,4
iPhone,The Loft,4
iPhone,The Loft,4
iPhone,The Loft,4
iPhone,The Loft,4
iPhone,The Loft,4
iPhone,The Loft,4
iPhone,The Loft,4
iPhone,The Loft,4
iPhone,The Loft,4
iPhone,The Loft,4
iPhone,The Loft,4
iPhone,The Loft,4
iPhone,The Loft,4
iPhone,The Loft,4
iPhone,The Loft,4
iPhone,The Loft,4
iPhone,The Loft,4
iPhone,The Loft,4
iPhone,The Loft,4
iPhone,The Loft,4
iPhone,The Loft,4
iPhone,The Loft,4
iPhone,The Loft,4
iPhone,The Loft,4
iPhone,The Loft,4
iPhone,The Loft,4
iPhone,The Loft,4
iPhone,The Loft,4
iPhone,The Loft,4
iPhone,The Loft,4
iPhone,The Loft,4
iPhone,The Loft,4
iPhone,The Loft,4
iPhone,The Loft,4
iPhone,The Loft,4
iPhone,The Loft,4
iPhone,The Loft,4
iPhone,The Loft,4
iPhone,The Loft,4
iPhone,The Loft,4
iPhone,The Loft,4
iPhone,The Loft,4
iPhone,The Loft,4
iPhone,The Loft,4
iPhone,The Loft,4
iPhone,The Loft,4
iPhone,The Loft,4
iPhone,The Loft,4
iPhone,The Loft,4
iPhone,The Loft,4
iPhone,The Loft,4
iPhone,The Loft,4
iPhone,The Loft,4
iPhone,The Loft,4
iPhone,The Loft,4
iPhone,The Loft,4
iPhone,The Loft,4
iPhone,The Loft,4
iPhone,The Loft,4
iPhone,The Loft,4
iPhone,The Loft,4
iPhone,The Loft,4
iPhone,The Loft,4
iPhone,The Loft,4
iPhone,The Loft,4
iPhone,The Loft,4
iPhone,The Loft,4
iPhone,The Loft,4
iPhone,The Loft,4
iPhone,The Loft,4
iPhone,The Loft,4
iPhone,The Loft,4
iPhone,The Loft,4
iPhone,The Loft,4
iPhone,The Loft,4
iPhone,The Loft,4
iPhone,The Loft,4
iPhone,The Loft,4
iPhone,The Loft,4
iPhone,The Loft,4
iPhone,The Loft,4
iPhone,The Loft,4
iPhone,The Loft,4
iPhone,The Loft,4
iPhone,The Loft,4
iPhone,The Loft,4
iPhone,The Loft,4
iPhone,The Loft,4
iPhone,The Loft,4
iPhone,The Loft,4
iPhone,The Loft,4
iPhone,The Loft,4
iPhone,The Loft,4
iPhone,The Loft,4
iPhone,The Loft,4
iPhone,The Loft,4
iPhone,The Loft,4
iPhone,The Loft,4
iPhone,The Loft,4
iPhone,The Loft,4
iPhone,The Loft,4
iPhone,The Loft,4
iPhone,The Loft,4
iPhone,The Loft,4
iPhone,The Loft,4
iPhone,The Loft,4
iPhone,The Loft,4
iPhone,The Loft,4
iPhone,The Loft,4
iPhone,The Loft,4
iPhone,The Loft,4
iPhone,The Loft,4
iPhone,The Loft,4
iPhone,The Loft,4
iPhone,The Loft,4
iPhone,The Loft,4
iPhone,The Loft,4
iPhone,The Loft,4
iPhone,The Loft,4
iPhone,The Loft,4
iPhone,The Loft,4
iPhone,The Loft,4
iPhone,The Loft,4
iPhone,The Loft,4
iPhone,The Loft,4
iPhone,The Loft,4
iPhone,The Loft,4
iPhone,The Loft,4
iPhone,The Loft,4
iPhone,The Loft,4
iPhone,The Loft,4
iPhone,The Loft,4
iPhone,The Loft,4
iPhone,The Loft,4
iPhone,The Loft,4
iPhone,The Loft,4
iPhone,The Loft,4
iPhone,The Loft,4
iPhone,The Loft,4
iPhone,The Loft,4
iPhone,The Loft,4
iPhone,The Loft,4
iPhone,The Loft,4
iPhone,The Loft,4
iPhone,The Loft,4
iPhone,The Loft,4
iPhone,The Loft,4
iPhone,The Loft,4
iPhone,The Loft,4
iPhone,The Loft,4
iPhone,The Loft,4
iPhone,The Loft,4
iPhone,The Loft,4
iPhone,The Loft,4
iPhone,The Loft,4
iPhone,The Loft,4
iPhone,The Loft,4
iPhone,The Loft,4
iPhone,The Loft,4
iPhone,The Loft,4
iPhone,The Loft,4
iPhone,The Loft,4
iPhone,The Loft,4
iPhone,The Loft,4
iPhone,The Loft,4
iPhone,The Loft,4
iPhone,The Loft,4
iPhone,The Loft,4
iPhone,The Loft,4
iPhone,The Loft,4
iPhone,The Loft,4
iPhone,The Loft,4
iPhone,The Loft,4
iPhone,The Loft,4
iPhone,The Loft,4
iPhone,The Loft,4
iPhone,The Loft,4
iPhone,The Loft,4
iPhone,The Loft,4
iPhone,The Loft,4
iPhone,The Loft,4
iPhone,The Loft,4
iPhone,The Loft,4
iPhone,The Loft,4
iPhone,The Loft,4
iPhone,The Loft,4
iPhone,The Loft,4
iPhone,The Loft,4
iPhone,The Loft,4
iPhone,The Loft,4
iPhone,The Loft,4
iPhone,The Loft,4
iPhone,The Loft,4
iPhone,The Loft,4
iPhone,The Loft,4
iPhone,The Loft,4
iPhone,The Loft,4
iPhone,The Loft,4
iPhone,The Loft,4
iPhone,The Loft,4
iPhone,The Loft,4
iPhone,The Loft,4
iPhone,The Loft,4
iPhone,The Loft,4
iPhone,The Loft,4
iPhone,The Loft,4
iPhone,The Loft,4
iPhone,The Loft,4
iPhone,The Loft,4
iPhone,The Loft,4
iPhone,The Loft,4
iPhone,The Loft,4
iPhone,The Loft,4
iPhone,The Loft,4
iPhone,The Loft,4
iPhone,The Loft,4
iPhone,The Loft,4
iPhone,The Loft,4
iPhone,The Loft,4
iPhone,The Loft,4
iPhone,The Loft,4
